time,Mkt-RF,RF
20131014,0.44,0
20131015,-0.73,0
20131016,1.37,0
20131017,0.7,0
20131018,0.73,0
20131021,-0.02,0
20131022,0.5,0
20131023,-0.51,0
20131024,0.42,0
20131025,0.33,0
20131028,0.09,0
20131029,0.54,0
20131030,-0.61,0
20131031,-0.34,0
20131101,0.2,0
20131104,0.47,0
20131105,-0.23,0
20131106,0.27,0
20131107,-1.46,0
20131108,1.45,0
20131111,0.12,0
20131112,-0.19,0
20131113,0.9,0
20131114,0.43,0
20131115,0.43,0
20131118,-0.5,0
20131119,-0.27,0
20131120,-0.33,0
20131121,0.97,0
20131122,0.5,0
20131125,-0.11,0
20131126,0.18,0
20131127,0.3,0
20131129,-0.02,0
20131202,-0.31,0
20131203,-0.34,0
20131204,-0.07,0
20131205,-0.35,0
20131206,1.02,0
20131209,0.17,0
20131210,-0.34,0
20131211,-1.17,0
20131212,-0.23,0
20131213,0.1,0
20131216,0.67,0
20131217,-0.26,0
20131218,1.55,0
20131219,-0.1,0
20131220,0.69,0
20131223,0.62,0
20131224,0.34,0
20131226,0.44,0
20131227,-0.05,0
20131230,0,0
20131231,0.44,0
20140102,-0.88,0
20140103,0.03,0
20140106,-0.34,0
20140107,0.68,0
20140108,0.04,0
20140109,0.02,0
20140110,0.27,0
20140113,-1.32,0
20140114,1.15,0
20140115,0.53,0
20140116,-0.07,0
20140117,-0.39,0
20140121,0.3,0
20140122,0.15,0
20140123,-0.86,0
20140124,-2.19,0
20140127,-0.65,0
20140128,0.73,0
20140129,-1.07,0
20140130,1.22,0
20140131,-0.66,0
20140203,-2.49,0
20140204,0.77,0
20140205,-0.23,0
20140206,1.21,0
20140207,1.33,0
20140210,0.16,0
20140211,1.09,0
20140212,0.11,0
20140213,0.72,0
20140214,0.42,0
20140218,0.27,0
20140219,-0.74,0
20140220,0.7,0
20140221,-0.09,0
20140224,0.65,0
20140225,-0.1,0
20140226,0.12,0
20140227,0.54,0
20140228,0.15,0
20140303,-0.7,0
20140304,1.67,0
20140305,0.01,0
20140306,0.16,0
20140307,0.04,0
20140310,-0.09,0
20140311,-0.62,0
20140312,0.13,0
20140313,-1.21,0
20140314,-0.16,0
20140317,0.9,0
20140318,0.82,0
20140319,-0.59,0
20140320,0.52,0
20140321,-0.37,0
20140324,-0.64,0
20140325,0.3,0
20140326,-0.89,0
20140327,-0.19,0
20140328,0.41,0
20140331,0.97,0
20140401,0.87,0
20140402,0.29,0
20140403,-0.31,0
20140404,-1.47,0
20140407,-1.26,0
20140408,0.5,0
20140409,1.21,0
20140410,-2.24,0
20140411,-1.07,0
20140414,0.7,0
20140415,0.59,0
20140416,1.13,0
20140417,0.23,0
20140421,0.36,0
20140422,0.58,0
20140423,-0.31,0
20140424,0.08,0
20140425,-1.05,0
20140428,0.11,0
20140429,0.56,0
20140430,0.35,0
20140501,0.04,0
20140502,-0.07,0
20140505,0.13,0
20140506,-1.03,0
20140507,0.45,0
20140508,-0.26,0
20140509,0.25,0
20140512,1.2,0
20140513,-0.05,0
20140514,-0.6,0
20140515,-0.9,0
20140516,0.36,0
20140519,0.5,0
20140520,-0.78,0
20140521,0.81,0
20140522,0.36,0
20140523,0.49,0
20140527,0.69,0
20140528,-0.11,0
20140529,0.54,0
20140530,0.06,0
20140602,0.06,0
20140603,-0.05,0
20140604,0.28,0
20140605,0.77,0
20140606,0.54,0
20140609,0.22,0
20140610,-0.03,0
20140611,-0.34,0
20140612,-0.68,0
20140613,0.31,0
20140616,0.13,0
20140617,0.34,0
20140618,0.75,0
20140619,0.12,0
20140620,0.18,0
20140623,-0.01,0
20140624,-0.72,0
20140625,0.53,0
20140626,-0.11,0
20140627,0.26,0
20140630,0.07,0
20140701,0.74,0
20140702,-0.03,0
20140703,0.59,0
20140707,-0.62,0
20140708,-0.82,0
20140709,0.46,0
20140710,-0.49,0
20140711,0.12,0
20140714,0.46,0
20140715,-0.32,0
20140716,0.32,0
20140717,-1.21,0
20140718,1.12,0
20140721,-0.25,0
20140722,0.53,0
20140723,0.19,0
20140724,0.05,0
20140725,-0.53,0
20140728,-0.08,0
20140729,-0.33,0
20140730,0.12,0
20140731,-2.03,0
20140801,-0.32,0
20140804,0.74,0
20140805,-0.84,0
20140806,0.02,0
20140807,-0.52,0
20140808,1.12,0
20140811,0.4,0
20140812,-0.23,0
20140813,0.69,0
20140814,0.44,0
20140815,0,0
20140818,0.93,0
20140819,0.49,0
20140820,0.19,0
20140821,0.28,0
20140822,-0.1,0
20140825,0.5,0
20140826,0.19,0
20140827,0,0
20140828,-0.19,0
20140829,0.39,0
20140902,0.06,0
20140903,-0.14,0
20140904,-0.17,0
20140905,0.45,0
20140908,-0.22,0
20140909,-0.72,0
20140910,0.45,0
20140911,0.19,0
20140912,-0.55,0
20140915,-0.28,0
20140916,0.7,0
20140917,0.17,0
20140918,0.5,0
20140919,-0.18,0
20140922,-0.97,0
20140923,-0.62,0
20140924,0.81,0
20140925,-1.62,0
20140926,0.85,0
20140929,-0.22,0
20140930,-0.4,0
20141001,-1.39,0
20141002,0.15,0
20141003,1.08,0
20141006,-0.26,0
20141007,-1.56,0
20141008,1.7,0
20141009,-2.17,0
20141010,-1.3,0
20141013,-1.59,0
20141014,0.28,0
20141015,-0.54,0
20141016,0.22,0
20141017,1.14,0
20141020,0.94,0
20141021,1.98,0
20141022,-0.85,0
20141023,1.29,0
20141024,0.66,0
20141027,-0.17,0
20141028,1.37,0
20141029,-0.18,0
20141030,0.6,0
20141031,1.23,0
20141103,-0.01,0
20141104,-0.35,0
20141105,0.48,0
20141106,0.49,0
20141107,0.09,0
20141110,0.33,0
20141111,0.1,0
20141112,0.07,0
20141113,-0.03,0
20141114,0.06,0
20141117,-0.05,0
20141118,0.51,0
20141119,-0.21,0
20141120,0.31,0
20141121,0.48,0
20141124,0.4,0
20141125,-0.09,0
20141126,0.3,0
20141128,-0.34,0
20141201,-0.89,0
20141202,0.65,0
20141203,0.46,0
20141204,-0.17,0
20141205,0.25,0
20141208,-0.82,0
20141209,0.13,0
20141210,-1.72,0
20141211,0.5,0
20141212,-1.55,0
20141215,-0.68,0
20141216,-0.8,0
20141217,2.15,0
20141218,2.36,0
20141219,0.43,0
20141222,0.37,0
20141223,0.21,0
20141224,0.07,0
20141226,0.39,0
20141229,0.13,0
20141230,-0.48,0
20141231,-0.93,0
20150102,-0.12,0
20150105,-1.84,0
20150106,-1.04,0
20150107,1.19,0
20150108,1.81,0
20150109,-0.85,0
20150112,-0.79,0
20150113,-0.19,0
20150114,-0.6,0
20150115,-1.08,0
20150116,1.36,0
20150120,0.11,0
20150121,0.42,0
20150122,1.58,0
20150123,-0.47,0
20150126,0.43,0
20150127,-1.21,0
20150128,-1.39,0
20150129,0.98,0
20150130,-1.31,0
20150202,1.24,0
20150203,1.49,0
20150204,-0.35,0
20150205,1.1,0
20150206,-0.2,0
20150209,-0.46,0
20150210,1.05,0
20150211,0.03,0
20150212,1,0
20150213,0.47,0
20150217,0.17,0
20150218,0.03,0
20150219,-0.01,0
20150220,0.61,0
20150223,-0.08,0
20150224,0.32,0
20150225,0.02,0
20150226,-0.08,0
20150227,-0.36,0
20150302,0.62,0
20150303,-0.43,0
20150304,-0.41,0
20150305,0.15,0
20150306,-1.29,0
20150309,0.37,0
20150310,-1.63,0
20150311,-0.04,0
20150312,1.28,0
20150313,-0.57,0
20150316,1.23,0
20150317,-0.2,0
20150318,1.08,0
20150319,-0.36,0
20150320,0.81,0
20150323,-0.19,0
20150324,-0.51,0
20150325,-1.56,0
20150326,-0.22,0
20150327,0.32,0
20150330,1.24,0
20150331,-0.75,0
20150401,-0.38,0
20150402,0.35,0
20150406,0.61,0
20150407,-0.22,0
20150408,0.37,0
20150409,0.41,0
20150410,0.49,0
20150413,-0.38,0
20150414,0.1,0
20150415,0.57,0
20150416,-0.08,0
20150417,-1.23,0
20150420,0.95,0
20150421,-0.1,0
20150422,0.46,0
20150423,0.29,0
20150424,0.17,0
20150427,-0.54,0
20150428,0.27,0
20150429,-0.38,0
20150430,-1.11,0
20150501,1.01,0
20150504,0.32,0
20150505,-1.19,0
20150506,-0.31,0
20150507,0.39,0
20150508,1.21,0
20150511,-0.39,0
20150512,-0.27,0
20150513,0.01,0
20150514,1.01,0
20150515,0.05,0
20150518,0.44,0
20150519,-0.09,0
20150520,-0.05,0
20150521,0.23,0
20150522,-0.22,0
20150526,-1.01,0
20150527,0.93,0
20150528,-0.12,0
20150529,-0.58,0
20150601,0.17,0
20150602,-0.02,0
20150603,0.39,0
20150604,-0.88,0
20150605,0.06,0
20150608,-0.66,0
20150609,0.02,0
20150610,1.2,0
20150611,0.21,0
20150612,-0.63,0
20150615,-0.45,0
20150616,0.57,0
20150617,0.16,0
20150618,0.99,0
20150619,-0.43,0
20150622,0.63,0
20150623,0.12,0
20150624,-0.79,0
20150625,-0.25,0
20150626,-0.06,0
20150629,-2.15,0
20150630,0.34,0
20150701,0.61,0
20150702,-0.11,0
20150706,-0.37,0
20150707,0.53,0
20150708,-1.68,0
20150709,0.29,0
20150710,1.24,0
20150713,1.14,0
20150714,0.47,0
20150715,-0.19,0
20150716,0.78,0
20150717,0.05,0
20150720,-0.01,0
20150721,-0.47,0
20150722,-0.18,0
20150723,-0.6,0
20150724,-1.08,0
20150727,-0.74,0
20150728,1.23,0
20150729,0.74,0
20150730,0.12,0
20150731,-0.15,0
20150803,-0.34,0
20150804,-0.14,0
20150805,0.36,0
20150806,-0.88,0
20150807,-0.36,0
20150810,1.31,0
20150811,-0.98,0
20150812,0.07,0
20150813,-0.14,0
20150814,0.43,0
20150817,0.6,0
20150818,-0.35,0
20150819,-0.85,0
20150820,-2.24,0
20150821,-2.95,0
20150824,-3.9,0
20150825,-1.17,0
20150826,3.68,0
20150827,2.4,0
20150828,0.23,0
20150831,-0.74,0
20150901,-2.91,0
20150902,1.81,0
20150903,0.17,0
20150904,-1.39,0
20150908,2.52,0
20150909,-1.34,0
20150910,0.49,0
20150911,0.44,0
20150914,-0.41,0
20150915,1.22,0
20150916,0.84,0
20150917,-0.17,0
20150918,-1.62,0
20150921,0.36,0
20150922,-1.29,0
20150923,-0.27,0
20150924,-0.36,0
20150925,-0.22,0
20150928,-2.63,0
20150929,-0.07,0
20150930,1.88,0
20151001,0.13,0
20151002,1.48,0
20151005,1.93,0
20151006,-0.43,0
20151007,0.94,0
20151008,0.84,0
20151009,0.12,0
20151012,0.06,0
20151013,-0.74,0
20151014,-0.6,0
20151015,1.56,0
20151016,0.36,0
20151019,0,0
20151020,-0.15,0
20151021,-0.74,0
20151022,1.5,0
20151023,1.09,0
20151026,-0.2,0
20151027,-0.42,0
20151028,1.43,0
20151029,-0.2,0
20151030,-0.42,0
20151102,1.25,0
20151103,0.32,0
20151104,-0.26,0
20151105,-0.08,0
20151106,0.14,0
20151109,-0.95,0
20151110,0.13,0
20151111,-0.43,0
20151112,-1.45,0
20151113,-1.07,0
20151116,1.39,0
20151117,-0.11,0
20151118,1.61,0
20151119,-0.13,0
20151120,0.36,0
20151123,-0.01,0
20151124,0.21,0
20151125,0.09,0
20151127,0.09,0
20151130,-0.47,0
20151201,0.97,0
20151202,-1.01,0
20151203,-1.5,0
20151204,1.87,0
20151207,-0.83,0
20151208,-0.59,0
20151209,-0.83,0
20151210,0.3,0
20151211,-2.03,0
20151214,0.29,0
20151215,1.1,0
20151216,1.47,0
20151217,-1.46,0
20151218,-1.7,0
20151221,0.74,0
20151222,0.89,0
20151223,1.29,0
20151224,-0.11,0
20151228,-0.28,0
20151229,1.05,0
20151230,-0.74,0
20151231,-0.92,0
20160104,-1.59,0
20160105,0.12,0
20160106,-1.35,0
20160107,-2.44,0
20160108,-1.11,0
20160111,-0.06,0
20160112,0.72,0
20160113,-2.67,0
20160114,1.65,0
20160115,-2.14,0
20160119,-0.19,0
20160120,-0.94,0
20160121,0.45,0
20160122,2.08,0
20160125,-1.71,0
20160126,1.52,0
20160127,-1.11,0
20160128,0.49,0
20160129,2.57,0
20160201,-0.04,0.001
20160202,-2,0.001
20160203,0.46,0.001
20160204,0.27,0.001
20160205,-2.06,0.001
20160208,-1.51,0.001
20160209,-0.09,0.001
20160210,0.01,0.001
20160211,-1.17,0.001
20160212,1.99,0.001
20160216,1.78,0.001
20160217,1.75,0.001
20160218,-0.51,0.001
20160219,0.06,0.001
20160222,1.43,0.001
20160223,-1.22,0.001
20160224,0.53,0.001
20160225,1.1,0.001
20160226,-0.01,0.001
20160229,-0.69,0.001
20160301,2.34,0.001
20160302,0.54,0.001
20160303,0.5,0.001
20160304,0.37,0.001
20160307,0.21,0.001
20160308,-1.27,0.001
20160309,0.5,0.001
20160310,-0.11,0.001
20160311,1.69,0.001
20160314,-0.12,0.001
20160315,-0.36,0.001
20160316,0.63,0.001
20160317,0.72,0.001
20160318,0.54,0.001
20160321,0.1,0.001
20160322,-0.05,0.001
20160323,-0.86,0.001
20160324,0,0.001
20160328,0.04,0.001
20160329,1.07,0.001
20160330,0.41,0.001
20160331,-0.11,0.001
20160401,0.64,0
20160404,-0.41,0
20160405,-0.94,0
20160406,1.14,0
20160407,-1.23,0
20160408,0.29,0
20160411,-0.28,0
20160412,0.99,0
20160413,1.23,0
20160414,0.03,0
20160415,-0.04,0
20160418,0.65,0
20160419,0.29,0
20160420,0.15,0
20160421,-0.47,0
20160422,0.12,0
20160425,-0.24,0
20160426,0.29,0
20160427,0.21,0
20160428,-0.96,0
20160429,-0.5,0
20160502,0.79,0.001
20160503,-1.05,0.001
20160504,-0.66,0.001
20160505,-0.08,0.001
20160506,0.38,0.001
20160509,0.05,0.001
20160510,1.26,0.001
20160511,-0.89,0.001
20160512,-0.11,0.001
20160513,-0.82,0.001
20160516,0.99,0.001
20160517,-0.95,0.001
20160518,0.1,0.001
20160519,-0.33,0.001
20160520,0.75,0.001
20160523,-0.18,0.001
20160524,1.43,0.001
20160525,0.72,0.001
20160526,-0.04,0.001
20160527,0.49,0.001
20160531,-0.01,0.001
20160601,0.2,0.001
20160602,0.35,0.001
20160603,-0.38,0.001
20160606,0.6,0.001
20160607,0.12,0.001
20160608,0.37,0.001
20160609,-0.27,0.001
20160610,-1.05,0.001
20160613,-0.83,0.001
20160614,-0.19,0.001
20160615,-0.11,0.001
20160616,0.24,0.001
20160617,-0.3,0.001
20160620,0.71,0.001
20160621,0.21,0.001
20160622,-0.2,0.001
20160623,1.45,0.001
20160624,-3.7,0.001
20160627,-2.07,0.001
20160628,1.76,0.001
20160629,1.8,0.001
20160630,1.42,0.001
20160701,0.24,0.001
20160705,-0.85,0.001
20160706,0.62,0.001
20160707,0.02,0.001
20160708,1.6,0.001
20160711,0.43,0.001
20160712,0.75,0.001
20160713,-0.05,0.001
20160714,0.51,0.001
20160715,-0.05,0.001
20160718,0.25,0.001
20160719,-0.22,0.001
20160720,0.48,0.001
20160721,-0.38,0.001
20160722,0.48,0.001
20160725,-0.27,0.001
20160726,0.13,0.001
20160727,-0.14,0.001
20160728,0.18,0.001
20160729,0.17,0.001
20160801,-0.16,0.001
20160802,-0.7,0.001
20160803,0.45,0.001
20160804,0.05,0.001
20160805,0.93,0.001
20160808,-0.06,0.001
20160809,0.05,0.001
20160810,-0.29,0.001
20160811,0.54,0.001
20160812,-0.06,0.001
20160815,0.39,0.001
20160816,-0.57,0.001
20160817,0.12,0.001
20160818,0.32,0.001
20160819,-0.11,0.001
20160822,-0.02,0.001
20160823,0.27,0.001
20160824,-0.55,0.001
20160825,-0.08,0.001
20160826,-0.15,0.001
20160829,0.53,0.001
20160830,-0.14,0.001
20160831,-0.24,0.001
20160901,0.03,0.001
20160902,0.53,0.001
20160906,0.26,0.001
20160907,0.09,0.001
20160908,-0.18,0.001
20160909,-2.47,0.001
20160912,1.44,0.001
20160913,-1.48,0.001
20160914,-0.08,0.001
20160915,1.08,0.001
20160916,-0.36,0.001
20160919,0.05,0.001
20160920,-0.02,0.001
20160921,1.12,0.001
20160922,0.7,0.001
20160923,-0.6,0.001
20160926,-0.88,0.001
20160927,0.64,0.001
20160928,0.56,0.001
20160929,-0.98,0.001
20160930,0.88,0.001
20161003,-0.26,0.001
20161004,-0.46,0.001
20161005,0.58,0.001
20161006,-0.06,0.001
20161007,-0.38,0.001
20161010,0.52,0.001
20161011,-1.3,0.001
20161012,0.06,0.001
20161013,-0.42,0.001
20161014,0.01,0.001
20161017,-0.29,0.001
20161018,0.6,0.001
20161019,0.25,0.001
20161020,-0.16,0.001
20161021,0.02,0.001
20161024,0.54,0.001
20161025,-0.46,0.001
20161026,-0.23,0.001
20161027,-0.33,0.001
20161028,-0.29,0.001
20161031,0.02,0.001
20161101,-0.68,0.001
20161102,-0.73,0.001
20161103,-0.4,0.001
20161104,-0.12,0.001
20161107,2.23,0.001
20161108,0.4,0.001
20161109,1.46,0.001
20161110,0.32,0.001
20161111,0.18,0.001
20161114,0.21,0.001
20161115,0.8,0.001
20161116,-0.12,0.001
20161117,0.56,0.001
20161118,-0.16,0.001
20161121,0.77,0.001
20161122,0.31,0.001
20161123,0.16,0.001
20161125,0.4,0.001
20161128,-0.64,0.001
20161129,0.11,0.001
20161130,-0.25,0.001
20161201,-0.36,0.001
20161202,0,0.001
20161205,0.75,0.001
20161206,0.48,0.001
20161207,1.26,0.001
20161208,0.36,0.001
20161209,0.46,0.001
20161212,-0.3,0.001
20161213,0.6,0.001
20161214,-0.82,0.001
20161215,0.46,0.001
20161216,-0.22,0.001
20161219,0.22,0.001
20161220,0.44,0.001
20161221,-0.24,0.001
20161222,-0.3,0.001
20161223,0.19,0.001
20161227,0.27,0.001
20161228,-0.87,0.001
20161229,-0.04,0.001
20161230,-0.52,0.001
20170103,0.83,0.002
20170104,0.79,0.002
20170105,-0.21,0.002
20170106,0.29,0.002
20170109,-0.37,0.002
20170110,0.16,0.002
20170111,0.31,0.002
20170112,-0.3,0.002
20170113,0.29,0.002
20170117,-0.49,0.002
20170118,0.24,0.002
20170119,-0.38,0.002
20170120,0.33,0.002
20170123,-0.29,0.002
20170124,0.83,0.002
20170125,0.84,0.002
20170126,-0.1,0.002
20170127,-0.12,0.002
20170130,-0.68,0.002
20170131,0,0.002
20170201,0.03,0.002
20170202,-0.02,0.002
20170203,0.82,0.002
20170206,-0.27,0.002
20170207,-0.01,0.002
20170208,0.06,0.002
20170209,0.72,0.002
20170210,0.38,0.002
20170213,0.49,0.002
20170214,0.45,0.002
20170215,0.54,0.002
20170216,-0.16,0.002
20170217,0.2,0.002
20170221,0.6,0.002
20170222,-0.15,0.002
20170223,-0.11,0.002
20170224,0.15,0.002
20170227,0.22,0.002
20170228,-0.42,0.002
20170301,1.47,0.001
20170302,-0.7,0.001
20170303,0.09,0.001
20170306,-0.38,0.001
20170307,-0.36,0.001
20170308,-0.19,0.001
20170309,0.04,0.001
20170310,0.34,0.001
20170313,0.13,0.001
20170314,-0.36,0.001
20170315,0.86,0.001
20170316,-0.06,0.001
20170317,-0.08,0.001
20170320,-0.25,0.001
20170321,-1.48,0.001
20170322,0.16,0.001
20170323,-0.03,0.001
20170324,-0.05,0.001
20170327,-0.05,0.001
20170328,0.72,0.001
20170329,0.18,0.001
20170330,0.36,0.001
20170331,-0.16,0.001
20170403,-0.28,0.003
20170404,0.05,0.003
20170405,-0.44,0.003
20170406,0.32,0.003
20170407,-0.08,0.003
20170410,0.08,0.003
20170411,-0.05,0.003
20170412,-0.49,0.003
20170413,-0.75,0.003
20170417,0.89,0.003
20170418,-0.25,0.003
20170419,-0.08,0.003
20170420,0.83,0.003
20170421,-0.28,0.003
20170424,1.18,0.003
20170425,0.65,0.003
20170426,0.04,0.003
20170427,0.05,0.003
20170428,-0.3,0.003
20170501,0.21,0.003
20170502,0.03,0.003
20170503,-0.19,0.003
20170504,0.02,0.003
20170505,0.46,0.003
20170508,-0.04,0.003
20170509,-0.05,0.003
20170510,0.2,0.003
20170511,-0.26,0.003
20170512,-0.18,0.003
20170515,0.53,0.003
20170516,-0.03,0.003
20170517,-1.97,0.003
20170518,0.4,0.003
20170519,0.7,0.003
20170522,0.56,0.003
20170523,0.18,0.003
20170524,0.24,0.003
20170525,0.42,0.003
20170526,0.06,0.003
20170530,-0.19,0.003
20170531,-0.02,0.003
20170601,0.95,0.003
20170602,0.35,0.003
20170605,-0.17,0.003
20170606,-0.28,0.003
20170607,0.15,0.003
20170608,0.18,0.003
20170609,-0.12,0.003
20170612,-0.11,0.003
20170613,0.55,0.003
20170614,-0.17,0.003
20170615,-0.3,0.003
20170616,-0.03,0.003
20170619,0.86,0.003
20170620,-0.73,0.003
20170621,-0.07,0.003
20170622,0.02,0.003
20170623,0.24,0.003
20170626,0.04,0.003
20170627,-0.85,0.003
20170628,1.02,0.003
20170629,-0.83,0.003
20170630,0.14,0.003
20170703,0.24,0.004
20170705,0.12,0.004
20170706,-0.95,0.004
20170707,0.7,0.004
20170710,0.05,0.004
20170711,0,0.004
20170712,0.72,0.004
20170713,0.17,0.004
20170714,0.42,0.004
20170717,0,0.004
20170718,0.04,0.004
20170719,0.59,0.004
20170720,0,0.004
20170721,-0.08,0.004
20170724,-0.03,0.004
20170725,0.38,0.004
20170726,-0.06,0.004
20170727,-0.14,0.004
20170728,-0.17,0.004
20170731,-0.11,0.004
20170801,0.24,0.004
20170802,-0.08,0.004
20170803,-0.21,0.004
20170804,0.25,0.004
20170807,0.16,0.004
20170808,-0.24,0.004
20170809,-0.14,0.004
20170810,-1.49,0.004
20170811,0.19,0.004
20170814,1.03,0.004
20170815,-0.11,0.004
20170816,0.18,0.004
20170817,-1.6,0.004
20170818,-0.15,0.004
20170821,0.06,0.004
20170822,1.07,0.004
20170823,-0.33,0.004
20170824,-0.14,0.004
20170825,0.18,0.004
20170828,0.08,0.004
20170829,0.1,0.004
20170830,0.53,0.004
20170831,0.62,0.004
20170901,0.27,0.005
20170905,-0.81,0.005
20170906,0.28,0.005
20170907,-0.07,0.005
20170908,-0.16,0.005
20170911,1.08,0.005
20170912,0.44,0.005
20170913,0.11,0.005
20170914,-0.12,0.005
20170915,0.19,0.005
20170918,0.24,0.005
20170919,0.15,0.005
20170920,0.16,0.005
20170921,-0.28,0.005
20170922,0.12,0.005
20170925,-0.25,0.005
20170926,0.05,0.005
20170927,0.63,0.005
20170928,0.13,0.005
20170929,0.35,0.005
20171002,0.5,0.004
20171003,0.26,0.004
20171004,0.05,0.004
20171005,0.55,0.004
20171006,-0.08,0.004
20171009,-0.22,0.004
20171010,0.24,0.004
20171011,0.16,0.004
20171012,-0.18,0.004
20171013,0.04,0.004
20171016,0.17,0.004
20171017,0.01,0.004
20171018,0.14,0.004
20171019,0.02,0.004
20171020,0.57,0.004
20171023,-0.45,0.004
20171024,0.2,0.004
20171025,-0.51,0.004
20171026,0.2,0.004
20171027,0.82,0.004
20171030,-0.46,0.004
20171031,0.23,0.004
20171101,0.05,0.004
20171102,0.06,0.004
20171103,0.31,0.004
20171106,0.06,0.004
20171107,-0.2,0.004
20171108,0.12,0.004
20171109,-0.41,0.004
20171110,0.01,0.004
20171113,0.09,0.004
20171114,-0.22,0.004
20171115,-0.52,0.004
20171116,1.01,0.004
20171117,-0.14,0.004
20171120,0.21,0.004
20171121,0.67,0.004
20171122,-0.05,0.004
20171124,0.21,0.004
20171127,-0.06,0.004
20171128,1.06,0.004
20171129,0.02,0.004
20171130,0.82,0.004
20171201,-0.22,0.004
20171204,-0.1,0.004
20171205,-0.43,0.004
20171206,-0.09,0.004
20171207,0.42,0.004
20171208,0.51,0.004
20171211,0.26,0.004
20171212,0.07,0.004
20171213,0.02,0.004
20171214,-0.47,0.004
20171215,0.92,0.004
20171218,0.67,0.004
20171219,-0.3,0.004
20171220,0.01,0.004
20171221,0.24,0.004
20171222,-0.07,0.004
20171226,-0.07,0.004
20171227,0.05,0.004
20171228,0.22,0.004
20171229,-0.57,0.004
20180102,0.85,0.006
20180103,0.59,0.006
20180104,0.42,0.006
20180105,0.66,0.006
20180108,0.19,0.006
20180109,0.15,0.006
20180110,-0.07,0.006
20180111,0.87,0.006
20180112,0.66,0.006
20180116,-0.49,0.006
20180117,0.95,0.006
20180118,-0.18,0.006
20180119,0.57,0.006
20180122,0.77,0.006
20180123,0.22,0.006
20180124,-0.13,0.006
20180125,0.07,0.006
20180126,1.11,0.006
20180129,-0.62,0.006
20180130,-1.06,0.006
20180131,-0.07,0.006
20180201,0.03,0.006
20180202,-2.13,0.006
20180205,-4.03,0.006
20180206,1.67,0.006
20180207,-0.38,0.006
20180208,-3.68,0.006
20180209,1.36,0.006
20180212,1.36,0.006
20180213,0.31,0.006
20180214,1.52,0.006
20180215,1.21,0.006
20180216,0.03,0.006
20180220,-0.62,0.006
20180221,-0.43,0.006
20180222,0.01,0.006
20180223,1.54,0.006
20180226,1.12,0.006
20180227,-1.25,0.006
20180228,-1.11,0.006
20180301,-1.19,0.005
20180302,0.7,0.005
20180305,1.06,0.005
20180306,0.36,0.005
20180307,0.05,0.005
20180308,0.37,0.005
20180309,1.7,0.005
20180312,-0.09,0.005
20180313,-0.67,0.005
20180314,-0.53,0.005
20180315,-0.18,0.005
20180316,0.25,0.005
20180319,-1.38,0.005
20180320,0.15,0.005
20180321,-0.06,0.005
20180322,-2.54,0.005
20180323,-2.09,0.005
20180326,2.67,0.005
20180327,-1.87,0.005
20180328,-0.35,0.005
20180329,1.41,0.005
20180402,-2.29,0.007
20180403,1.24,0.007
20180404,1.17,0.007
20180405,0.75,0.007
20180406,-2.19,0.007
20180409,0.3,0.007
20180410,1.77,0.007
20180411,-0.49,0.007
20180412,0.84,0.007
20180413,-0.37,0.007
20180416,0.82,0.007
20180417,1.09,0.007
20180418,0.13,0.007
20180419,-0.49,0.007
20180420,-0.81,0.007
20180423,-0.05,0.007
20180424,-1.3,0.007
20180425,0.1,0.007
20180426,0.96,0.007
20180427,0.01,0.007
20180430,-0.8,0.007
20180501,0.24,0.006
20180502,-0.63,0.006
20180503,-0.25,0.006
20180504,1.3,0.006
20180507,0.42,0.006
20180508,0.07,0.006
20180509,0.89,0.006
20180510,0.85,0.006
20180511,0.19,0.006
20180514,0.05,0.006
20180515,-0.55,0.006
20180516,0.5,0.006
20180517,0.02,0.006
20180518,-0.23,0.006
20180521,0.72,0.006
20180522,-0.42,0.006
20180523,0.29,0.006
20180524,-0.16,0.006
20180525,-0.21,0.006
20180529,-1.04,0.006
20180530,1.31,0.006
20180531,-0.7,0.006
20180601,1.06,0.006
20180604,0.48,0.006
20180605,0.16,0.006
20180606,0.86,0.006
20180607,-0.14,0.006
20180608,0.31,0.006
20180611,0.12,0.006
20180612,0.23,0.006
20180613,-0.33,0.006
20180614,0.27,0.006
20180615,-0.08,0.006
20180618,-0.09,0.006
20180619,-0.38,0.006
20180620,0.23,0.006
20180621,-0.73,0.006
20180622,0.11,0.006
20180625,-1.48,0.006
20180626,0.27,0.006
20180627,-1.02,0.006
20180628,0.58,0.006
20180629,0.07,0.006
20180702,0.36,0.008
20180703,-0.44,0.008
20180705,0.87,0.008
20180706,0.88,0.008
20180709,0.93,0.008
20180710,0.21,0.008
20180711,-0.69,0.008
20180712,0.86,0.008
20180713,0.08,0.008
20180716,-0.16,0.008
20180717,0.48,0.008
20180718,0.27,0.008
20180719,-0.34,0.008
20180720,-0.1,0.008
20180723,0.15,0.008
20180724,0.22,0.008
20180725,0.83,0.008
20180726,-0.2,0.008
20180727,-0.82,0.008
20180730,-0.7,0.008
20180731,0.51,0.008
20180801,-0.13,0.007
20180802,0.67,0.007
20180803,0.31,0.007
20180806,0.46,0.007
20180807,0.29,0.007
20180808,-0.04,0.007
20180809,-0.05,0.007
20180810,-0.6,0.007
20180813,-0.46,0.007
20180814,0.69,0.007
20180815,-0.91,0.007
20180816,0.86,0.007
20180817,0.3,0.007
20180820,0.25,0.007
20180821,0.33,0.007
20180822,0.05,0.007
20180823,-0.19,0.007
20180824,0.62,0.007
20180827,0.74,0.007
20180828,-0.01,0.007
20180829,0.56,0.007
20180830,-0.41,0.007
20180831,0.08,0.007
20180904,-0.11,0.008
20180905,-0.41,0.008
20180906,-0.44,0.008
20180907,-0.18,0.008
20180910,0.23,0.008
20180911,0.37,0.008
20180912,0.03,0.008
20180913,0.45,0.008
20180914,0.12,0.008
20180917,-0.71,0.008
20180918,0.57,0.008
20180919,0.06,0.008
20180920,0.77,0.008
20180921,-0.13,0.008
20180924,-0.31,0.008
20180925,-0.05,0.008
20180926,-0.4,0.008
20180927,0.27,0.008
20180928,-0.03,0.008
20181001,0.16,0.008
20181002,-0.21,0.008
20181003,0.2,0.008
20181004,-0.93,0.008
20181005,-0.64,0.008
20181008,-0.17,0.008
20181009,-0.18,0.008
20181010,-3.33,0.008
20181011,-1.96,0.008
20181012,1.38,0.008
20181015,-0.48,0.008
20181016,2.24,0.008
20181017,-0.08,0.008
20181018,-1.54,0.008
20181019,-0.25,0.008
20181022,-0.38,0.008
20181023,-0.62,0.008
20181024,-3.33,0.008
20181025,1.93,0.008
20181026,-1.65,0.008
20181029,-0.77,0.008
20181030,1.66,0.008
20181031,1.22,0.008
20181101,1.29,0.008
20181102,-0.53,0.008
20181105,0.4,0.008
20181106,0.58,0.008
20181107,2.11,0.008
20181108,-0.28,0.008
20181109,-1.04,0.008
20181112,-2.06,0.008
20181113,-0.13,0.008
20181114,-0.77,0.008
20181115,1.18,0.008
20181116,0.15,0.008
20181119,-1.88,0.008
20181120,-1.85,0.008
20181121,0.51,0.008
20181123,-0.55,0.008
20181126,1.62,0.008
20181127,0.11,0.008
20181128,2.42,0.008
20181129,-0.22,0.008
20181130,0.78,0.008
20181203,1.13,0.011
20181204,-3.45,0.011
20181206,-0.16,0.011
20181207,-2.36,0.011
20181210,0.1,0.011
20181211,-0.08,0.011
20181212,0.68,0.011
20181213,-0.26,0.011
20181214,-1.89,0.011
20181217,-2.14,0.011
20181218,-0.03,0.011
20181219,-1.58,0.011
20181220,-1.62,0.011
20181221,-2.17,0.011
20181224,-2.55,0.011
20181226,5.06,0.011
20181227,0.78,0.011
20181228,-0.03,0.011
20181231,0.9,0.011
20190102,0.23,0.01
20190103,-2.45,0.01
20190104,3.55,0.01
20190107,0.94,0.01
20190108,1.01,0.01
20190109,0.56,0.01
20190110,0.42,0.01
20190111,-0.01,0.01
20190114,-0.6,0.01
20190115,1.06,0.01
20190116,0.28,0.01
20190117,0.75,0.01
20190118,1.29,0.01
20190122,-1.53,0.01
20190123,0.15,0.01
20190124,0.23,0.01
20190125,0.9,0.01
20190128,-0.8,0.01
20190129,-0.19,0.01
20190130,1.51,0.01
20190131,0.92,0.01
20190201,0.14,0.01
20190204,0.72,0.01
20190205,0.43,0.01
20190206,-0.22,0.01
20190207,-0.93,0.01
20190208,0.09,0.01
20190211,0.14,0.01
20190212,1.36,0.01
20190213,0.28,0.01
20190214,-0.21,0.01
20190215,1.13,0.01
20190219,0.19,0.01
20190220,0.19,0.01
20190221,-0.37,0.01
20190222,0.65,0.01
20190225,0.15,0.01
20190226,-0.16,0.01
20190227,0.09,0.01
20190228,-0.31,0.01
20190301,0.72,0.009
20190304,-0.52,0.009
20190305,-0.17,0.009
20190306,-0.84,0.009
20190307,-0.82,0.009
20190308,-0.22,0.009
20190311,1.49,0.009
20190312,0.25,0.009
20190313,0.68,0.009
20190314,-0.1,0.009
20190315,0.48,0.009
20190318,0.46,0.009
20190319,-0.09,0.009
20190320,-0.39,0.009
20190321,1.11,0.009
20190322,-2.17,0.009
20190325,-0.05,0.009
20190326,0.76,0.009
20190327,-0.5,0.009
20190328,0.4,0.009
20190329,0.66,0.009
20190401,1.19,0.01
20190402,-0.05,0.01
20190403,0.27,0.01
20190404,0.19,0.01
20190405,0.52,0.01
20190408,0.08,0.01
20190409,-0.65,0.01
20190410,0.48,0.01
20190411,0,0.01
20190412,0.65,0.01
20190415,-0.09,0.01
20190416,0.13,0.01
20190417,-0.32,0.01
20190418,0.11,0.01
20190422,0.11,0.01
20190423,0.97,0.01
20190424,-0.23,0.01
20190425,-0.14,0.01
20190426,0.53,0.01
20190429,0.18,0.01
20190430,-0.04,0.01
20190501,-0.83,0.009
20190502,-0.16,0.009
20190503,1.13,0.009
20190506,-0.39,0.009
20190507,-1.69,0.009
20190508,-0.22,0.009
20190509,-0.28,0.009
20190510,0.35,0.009
20190513,-2.67,0.009
20190514,0.93,0.009
20190515,0.58,0.009
20190516,0.91,0.009
20190517,-0.73,0.009
20190520,-0.65,0.009
20190521,0.9,0.009
20190522,-0.4,0.009
20190523,-1.37,0.009
20190524,0.23,0.009
20190528,-0.78,0.009
20190529,-0.71,0.009
20190530,0.14,0.009
20190531,-1.37,0.009
20190603,-0.4,0.009
20190604,2.33,0.009
20190605,0.7,0.009
20190606,0.55,0.009
20190607,1.04,0.009
20190610,0.53,0.009
20190611,-0.12,0.009
20190612,-0.2,0.009
20190613,0.52,0.009
20190614,-0.27,0.009
20190617,0.15,0.009
20190618,1.04,0.009
20190619,0.32,0.009
20190620,0.89,0.009
20190621,-0.21,0.009
20190624,-0.34,0.009
20190625,-0.98,0.009
20190626,-0.06,0.009
20190627,0.59,0.009
20190628,0.68,0.009
20190701,0.75,0.009
20190702,0.14,0.009
20190703,0.78,0.009
20190705,-0.1,0.009
20190708,-0.58,0.009
20190709,0.18,0.009
20190710,0.4,0.009
20190711,0.19,0.009
20190712,0.53,0.009
20190715,-0.04,0.009
20190716,-0.32,0.009
20190717,-0.64,0.009
20190718,0.35,0.009
20190719,-0.56,0.009
20190722,0.25,0.009
20190723,0.65,0.009
20190724,0.66,0.009
20190725,-0.63,0.009
20190726,0.82,0.009
20190729,-0.32,0.009
20190730,-0.17,0.009
20190731,-1.09,0.009
20190801,-1.04,0.007
20190802,-0.87,0.007
20190805,-3.07,0.007
20190806,1.29,0.007
20190807,0.07,0.007
20190808,1.97,0.007
20190809,-0.78,0.007
20190812,-1.32,0.007
20190813,1.47,0.007
20190814,-2.95,0.007
20190815,0.16,0.007
20190816,1.55,0.007
20190819,1.14,0.007
20190820,-0.75,0.007
20190821,0.85,0.007
20190822,-0.1,0.007
20190823,-2.66,0.007
20190826,1.08,0.007
20190827,-0.46,0.007
20190828,0.68,0.007
20190829,1.35,0.007
20190830,0.03,0.007
20190903,-0.87,0.009
20190904,1.08,0.009
20190905,1.42,0.009
20190906,-0.02,0.009
20190909,0.07,0.009
20190910,0.17,0.009
20190911,0.88,0.009
20190912,0.22,0.009
20190913,-0.01,0.009
20190916,-0.23,0.009
20190917,0.17,0.009
20190918,-0.05,0.009
20190919,-0.05,0.009
20190920,-0.48,0.009
20190923,-0.02,0.009
20190924,-1.01,0.009
20190925,0.69,0.009
20190926,-0.41,0.009
20190927,-0.62,0.009
20190930,0.5,0.009
20191001,-1.31,0.007
20191002,-1.73,0.007
20191003,0.8,0.007
20191004,1.39,0.007
20191007,-0.41,0.007
20191008,-1.61,0.007
20191009,0.92,0.007
20191010,0.59,0.007
20191011,1.23,0.007
20191014,-0.18,0.007
20191015,1.03,0.007
20191016,-0.24,0.007
20191017,0.37,0.007
20191018,-0.49,0.007
20191021,0.71,0.007
20191022,-0.34,0.007
20191023,0.25,0.007
20191024,0.25,0.007
20191025,0.51,0.007
20191028,0.62,0.007
20191029,-0.13,0.007
20191030,0.27,0.007
20191031,-0.38,0.007
20191101,1.08,0.006
20191104,0.4,0.006
20191105,-0.03,0.006
20191106,-0.05,0.006
20191107,0.38,0.006
20191108,0.31,0.006
20191111,-0.19,0.006
20191112,0.16,0.006
20191113,0.01,0.006
20191114,0.07,0.006
20191115,0.74,0.006
20191118,0.02,0.006
20191119,0.02,0.006
20191120,-0.33,0.006
20191121,-0.14,0.006
20191122,0.24,0.006
20191125,0.92,0.006
20191126,0.19,0.006
20191127,0.44,0.006
20191129,-0.42,0.006
20191202,-0.87,0.007
20191203,-0.66,0.007
20191204,0.6,0.007
20191205,0.13,0.007
20191206,0.91,0.007
20191209,-0.33,0.007
20191210,-0.08,0.007
20191211,0.28,0.007
20191212,0.9,0.007
20191213,-0.03,0.007
20191216,0.74,0.007
20191217,0.1,0.007
20191218,-0.05,0.007
20191219,0.43,0.007
20191220,0.48,0.007
20191223,0.1,0.007
20191224,0.01,0.007
20191226,0.48,0.007
20191227,-0.1,0.007
20191230,-0.57,0.007
20191231,0.28,0.007
20200102,0.86,0.006
20200103,-0.67,0.006
20200106,0.36,0.006
20200107,-0.19,0.006
20200108,0.47,0.006
20200109,0.65,0.006
20200110,-0.34,0.006
20200113,0.73,0.006
20200114,-0.06,0.006
20200115,0.16,0.006
20200116,0.88,0.006
20200117,0.28,0.006
20200121,-0.32,0.006
20200122,0.08,0.006
20200123,0.07,0.006
20200124,-0.97,0.006
20200127,-1.56,0.006
20200128,1.02,0.006
20200129,-0.11,0.006
20200130,0.34,0.006
20200131,-1.74,0.006
20200203,0.84,0.006
20200204,1.57,0.006
20200205,0.97,0.006
20200206,0.27,0.006
20200207,-0.55,0.006
20200210,0.73,0.006
20200211,0.28,0.006
20200212,0.66,0.006
20200213,-0.09,0.006
20200214,0.15,0.006
20200218,-0.19,0.006
20200219,0.6,0.006
20200220,-0.35,0.006
20200221,-1.12,0.006
20200224,-3.39,0.006
20200225,-3.09,0.006
20200226,-0.53,0.006
20200227,-4.22,0.006
20200228,-0.78,0.006
20200302,4.31,0.006
20200303,-2.79,0.006
20200304,4.03,0.006
20200305,-3.38,0.006
20200306,-1.78,0.006
20200309,-7.79,0.006
20200310,4.74,0.006
20200311,-5.05,0.006
20200312,-9.63,0.006
20200313,8.96,0.006
20200316,-12,0.006
20200317,5.87,0.006
20200318,-5.56,0.006
20200319,1.31,0.006
20200320,-4.15,0.006
20200323,-2.55,0.006
20200324,9.34,0.006
20200325,1.18,0.006
20200326,6.02,0.006
20200327,-3.48,0.006
20200330,3.16,0.006
20200331,-1.44,0.006
20200401,-4.5,0
20200402,2.1,0
20200403,-1.64,0
20200406,7.06,0
20200407,-0.11,0
20200408,3.4,0
20200409,1.59,0
20200413,-0.92,0
20200414,3.02,0
20200415,-2.15,0
20200416,0.62,0
20200417,2.72,0
20200420,-1.56,0
20200421,-3.08,0
20200422,2.31,0
20200423,0.13,0
20200424,1.44,0
20200427,1.73,0
20200428,-0.45,0
20200429,2.92,0
20200430,-1.18,0
20200501,-2.91,0
20200504,0.54,0
20200505,0.95,0
20200506,-0.52,0
20200507,1.33,0
20200508,1.9,0
20200511,0.07,0
20200512,-2.06,0
20200513,-1.89,0
20200514,1.14,0
20200515,0.57,0
20200518,3.24,0
20200519,-1.01,0
20200520,1.8,0
20200521,-0.7,0
20200522,0.27,0
20200526,1.23,0
20200527,1.54,0
20200528,-0.41,0
20200529,0.6,0
20200601,0.52,0
20200602,0.81,0
20200603,1.41,0
20200604,-0.34,0
20200605,2.5,0
20200608,1.39,0
20200609,-0.85,0
20200610,-0.56,0
20200611,-5.91,0
20200612,1.29,0
20200615,1.1,0
20200616,1.87,0
20200617,-0.4,0
20200618,0.19,0
20200619,-0.45,0
20200622,0.71,0
20200623,0.42,0
20200624,-2.61,0
20200625,1.12,0
20200626,-2.44,0
20200629,1.51,0
20200630,1.58,0
20200701,0.41,0.001
20200702,0.5,0.001
20200706,1.65,0.001
20200707,-1.03,0.001
20200708,0.91,0.001
20200709,-0.53,0.001
20200710,1.11,0.001
20200713,-1.2,0.001
20200714,1.35,0.001
20200715,1.14,0.001
20200716,-0.37,0.001
20200717,0.3,0.001
20200720,1.01,0.001
20200721,0.16,0.001
20200722,0.49,0.001
20200723,-1.2,0.001
20200724,-0.75,0.001
20200727,0.88,0.001
20200728,-0.81,0.001
20200729,1.35,0.001
20200730,-0.29,0.001
20200731,0.61,0.001
20200803,0.98,0
20200804,0.37,0
20200805,0.78,0
20200806,0.53,0
20200807,0.02,0
20200810,0.24,0
20200811,-0.83,0
20200812,1.4,0
20200813,-0.01,0
20200814,-0.04,0
20200817,0.45,0
20200818,0.22,0
20200819,-0.38,0
20200820,0.31,0
20200821,0.25,0
20200824,0.92,0
20200825,0.36,0
20200826,1,0
20200827,0.18,0
20200828,0.7,0
20200831,-0.04,0
20200901,0.92,0
20200902,1.27,0
20200903,-3.7,0
20200904,-0.87,0
20200908,-2.91,0
20200909,2.07,0
20200910,-1.64,0
20200911,-0.06,0
20200914,1.59,0
20200915,0.57,0
20200916,-0.39,0
20200917,-0.85,0
20200918,-0.88,0
20200921,-1.08,0
20200922,1.02,0
20200923,-2.48,0
20200924,0.25,0
20200925,1.72,0
20200928,1.66,0
20200929,-0.42,0
20200930,0.79,0
20201001,0.79,0
20201002,-0.96,0
20201005,1.93,0
20201006,-1.28,0
20201007,1.84,0
20201008,0.8,0
20201009,0.92,0
20201012,1.53,0
20201013,-0.41,0
20201014,-0.65,0
20201015,-0.08,0
20201016,-0.06,0
20201019,-1.53,0
20201020,0.34,0
20201021,-0.36,0
20201022,0.67,0
20201023,0.38,0
20201026,-1.85,0
20201027,-0.23,0
20201028,-3.41,0
20201029,1.13,0
20201030,-1.45,0
20201102,1.17,0
20201103,1.93,0
20201104,2.25,0
20201105,2.13,0
20201106,0.01,0
20201109,0.87,0
20201110,-0.17,0
20201111,0.88,0
20201112,-0.94,0
20201113,1.31,0
20201116,1.22,0
20201117,-0.19,0
20201118,-0.93,0
20201119,0.59,0
20201120,-0.51,0
20201123,0.83,0
20201124,1.56,0
20201125,0.03,0
20201127,0.43,0
20201130,-0.53,0
20201201,0.98,0
20201202,0.11,0
20201203,0.18,0
20201204,1.02,0
20201207,0.03,0
20201208,0.47,0
20201209,-1.03,0
20201210,0.24,0
20201211,-0.2,0
20201214,-0.28,0
20201215,1.28,0
20201216,0.17,0
20201217,0.79,0
20201218,-0.12,0
20201221,-0.23,0
20201222,0.06,0
20201223,0.1,0
20201224,0.21,0
20201228,0.46,0
20201229,-0.4,0
20201230,0.27,0
20201231,0.39,0
20210104,-1.41,0
20210105,0.86,0
20210106,0.79,0
20210107,1.76,0
20210108,0.51,0
20210111,-0.52,0
20210112,0.38,0
20210113,0.07,0
20210114,-0.11,0
20210115,-0.86,0
20210119,0.92,0
20210120,1.26,0
20210121,-0.04,0
20210122,-0.07,0
20210125,0.29,0
20210126,-0.32,0
20210127,-2.53,0
20210128,0.92,0
20210129,-1.84,0
20210201,1.73,0
20210202,1.48,0
20210203,0.16,0
20210204,1.23,0
20210205,0.57,0
20210208,0.96,0
20210209,0.05,0
20210210,-0.08,0
20210211,0.19,0
20210212,0.49,0
20210216,-0.14,0
20210217,-0.21,0
20210218,-0.64,0
20210219,0.16,0
20210222,-1.13,0
20210223,-0.15,0
20210224,1.15,0
20210225,-2.74,0
20210226,-0.28,0
20210301,2.63,0
20210302,-1.05,0
20210303,-1.57,0
20210304,-1.7,0
20210305,1.85,0
20210308,-0.67,0
20210309,1.79,0
20210310,0.68,0
20210311,1.43,0
20210312,0.1,0
20210315,0.7,0
20210316,-0.43,0
20210317,0.33,0
20210318,-1.88,0
20210319,0.25,0
20210322,0.55,0
20210323,-1.17,0
20210324,-1,0
20210325,0.67,0
20210326,1.55,0
20210329,-0.49,0
20210330,-0.02,0
20210331,0.63,0
20210401,1.27,0
20210405,1.27,0
20210406,0.01,0
20210407,-0.12,0
20210408,0.62,0
20210409,0.65,0
20210412,-0.05,0
20210413,0.41,0
20210414,-0.35,0
20210415,1.04,0
20210416,0.27,0
20210419,-0.73,0
20210420,-0.94,0
20210421,1.11,0
20210422,-0.77,0
20210423,1.26,0
20210426,0.43,0
20210427,-0.03,0
20210428,-0.06,0
20210429,0.39,0
20210430,-0.83,0
20210503,0.17,0
20210504,-0.89,0
20210505,-0.05,0
20210506,0.48,0
20210507,0.84,0
20210510,-1.36,0
20210511,-0.63,0
20210512,-2.34,0
20210513,1.02,0
20210514,1.81,0
20210517,-0.24,0
20210518,-0.69,0
20210519,-0.34,0
20210520,1.15,0
20210521,-0.04,0
20210524,0.99,0
20210525,-0.3,0
20210526,0.47,0
20210527,0.28,0
20210528,0.04,0
20210601,0.03,0
20210602,0.12,0
20210603,-0.53,0
20210604,0.89,0
20210607,0.15,0
20210608,0.19,0
20210609,-0.3,0
20210610,0.4,0
20210611,0.37,0
20210614,0.15,0
20210615,-0.3,0
20210616,-0.45,0
20210617,0.01,0
20210618,-1.22,0
20210621,1.35,0
20210622,0.58,0
20210623,0.01,0
20210624,0.69,0
20210625,0.32,0
20210628,0.22,0
20210629,0,0
20210630,0.07,0
20210701,0.43,0
20210702,0.56,0
20210706,-0.28,0
20210707,0.09,0
20210708,-0.86,0
20210709,1.25,0
20210712,0.23,0
20210713,-0.56,0
20210714,-0.26,0
20210715,-0.38,0
20210716,-0.77,0
20210719,-1.42,0
20210720,1.69,0
20210721,0.95,0
20210722,0.09,0
20210723,0.98,0
20210726,0.18,0
20210727,-0.66,0
20210728,0.27,0
20210729,0.41,0
20210730,-0.65,0
20210802,-0.12,0
20210803,0.73,0
20210804,-0.39,0
20210805,0.74,0
20210806,0.09,0
20210809,0.01,0
20210810,0.06,0
20210811,0.19,0
20210812,0.24,0
20210813,0,0
20210816,-0.05,0
20210817,-0.8,0
20210818,-0.95,0
20210819,-0.15,0
20210820,0.92,0
20210823,1.08,0
20210824,0.41,0
20210825,0.26,0
20210826,-0.65,0
20210827,1.07,0
20210830,0.35,0
20210831,-0.13,0
20210901,0.11,0
20210902,0.36,0
20210903,-0.01,0
20210907,-0.36,0
20210908,-0.34,0
20210909,-0.27,0
20210910,-0.76,0
20210913,0.14,0
20210914,-0.66,0
20210915,0.88,0
20210916,-0.03,0
20210917,-0.72,0
20210920,-1.87,0
20210921,0.05,0
20210922,1,0
20210923,1.28,0
20210924,0.08,0
20210927,-0.1,0
20210928,-2.18,0
20210929,0.03,0
20210930,-1.02,0
20211001,1.1,0
20211004,-1.43,0
20211005,1.05,0
20211006,0.33,0
20211007,1.01,0
20211008,-0.27,0
20211011,-0.72,0
20211012,-0.06,0
20211013,0.43,0
20211014,1.66,0
20211015,0.63,0
20211018,0.41,0
20211019,0.71,0
20211020,0.34,0
20211021,0.37,0
20211022,-0.25,0
20211025,0.58,0
20211026,0.04,0
20211027,-0.76,0
20211028,1.14,0
20211029,0.22,0
20211101,0.51,0
20211102,0.24,0
20211103,0.8,0
20211104,0.39,0
20211105,0.38,0
20211108,0.18,0
20211109,-0.35,0
20211110,-1.07,0
20211111,0.24,0
20211112,0.74,0
20211115,-0.02,0
20211116,0.5,0
20211117,-0.47,0
20211118,0.06,0
20211119,-0.2,0
20211122,-0.61,0
20211123,-0.03,0
20211124,0.3,0
20211126,-2.23,0
20211129,1.11,0
20211130,-1.95,0
20211201,-1.61,0
20211202,1.51,0
20211203,-1.21,0
20211206,1.19,0
20211207,2.22,0
20211208,0.47,0
20211209,-1.07,0
20211210,0.7,0
20211213,-1.04,0
20211214,-0.76,0
20211215,1.62,0
20211216,-1.2,0
20211217,-0.65,0
20211220,-1.27,0
20211221,2.06,0
20211222,0.97,0
20211223,0.71,0
20211227,1.22,0
20211228,-0.27,0
20211229,0.06,0
20211230,-0.15,0
20211231,-0.31,0
20220103,0.73,0
20220104,-0.29,0
20220105,-2.28,0
20220106,0,0
20220107,-0.48,0
20220110,-0.15,0
20220111,1.1,0
20220112,0.12,0
20220113,-1.57,0
20220114,0.08,0
20220118,-2.08,0
20220119,-1.01,0
20220120,-1.14,0
20220121,-2.1,0
20220124,0.53,0
20220125,-1.43,0
20220126,-0.3,0
20220127,-0.79,0
20220128,2.45,0
20220131,2.34,0
20220201,0.87,0
20220202,0.48,0
20220203,-2.49,0
20220204,0.89,0
20220207,-0.25,0
20220208,1.02,0
20220209,1.61,0
20220210,-1.69,0
20220211,-1.92,0
20220214,-0.35,0
20220215,1.87,0
20220216,-0.02,0
20220217,-2.28,0
20220218,-0.87,0
20220222,-1.18,0
20220223,-1.96,0
20220224,1.89,0
20220225,2.23,0
20220228,0.05,0
20220301,-1.56,0
20220302,1.81,0
20220303,-0.88,0
20220304,-1.1,0
20220307,-3.12,0
20220308,-0.52,0
20220309,2.79,0
20220310,-0.47,0
20220311,-1.49,0
20220314,-1.06,0
20220315,2.15,0
20220316,2.61,0
20220317,1.43,0
20220318,1.33,0
20220321,-0.17,0
20220322,1.31,0
20220323,-1.25,0
20220324,1.42,0
20220325,0.27,0
20220328,0.73,0
20220329,1.45,0
20220330,-0.83,0
20220331,-1.55,0
20220401,0.39,0.001
20220404,0.94,0.001
20220405,-1.55,0.001
20220406,-1.24,0.001
20220407,0.33,0.001
20220408,-0.39,0.001
20220411,-1.54,0.001
20220412,-0.29,0.001
20220413,1.4,0.001
20220414,-1.28,0.001
20220418,-0.21,0.001
20220419,1.77,0.001
20220420,-0.28,0.001
20220421,-1.76,0.001
20220422,-2.74,0.001
20220425,0.71,0.001
20220426,-3,0.001
20220427,0.12,0.001
20220428,2.44,0.001
20220429,-3.53,0.001
20220502,0.8,0.001
20220503,0.41,0.001
20220504,3,0.001
20220505,-3.8,0.001
20220506,-0.85,0.001
20220509,-3.54,0.001
20220510,0.2,0.001
20220511,-1.95,0.001
20220512,0.17,0.001
20220513,2.76,0.001
20220516,-0.6,0.001
20220517,2.15,0.001
20220518,-4.04,0.001
20220519,-0.34,0.001
20220520,-0.05,0.001
20220523,1.74,0.001
20220524,-1.23,0.001
20220525,1.22,0.001
20220526,2.18,0.001
20220527,2.58,0.001
20220531,-0.71,0.001
20220601,-0.75,0.003
20220602,2.09,0.003
20220603,-1.63,0.003
20220606,0.33,0.003
20220607,0.99,0.003
20220608,-1.02,0.003
20220609,-2.44,0.003
20220610,-3,0.003
20220613,-4.13,0.003
20220614,-0.25,0.003
20220615,1.55,0.003
20220616,-3.52,0.003
20220617,0.46,0.003
20220621,2.38,0.003
20220622,-0.19,0.003
20220623,1.13,0.003
20220624,3.11,0.003
20220627,-0.28,0.003
20220628,-2.09,0.003
20220629,-0.2,0.003
20220630,-0.96,0.003
20220701,1.14,0.004
20220705,0.48,0.004
20220706,0.17,0.004
20220707,1.77,0.004
20220708,-0.07,0.004
20220711,-1.39,0.004
20220712,-0.88,0.004
20220713,-0.39,0.004
20220714,-0.41,0.004
20220715,1.95,0.004
20220718,-0.71,0.004
20220719,2.81,0.004
20220720,0.89,0.004
20220721,0.97,0.004
20220722,-1.19,0.004
20220725,0.12,0.004
20220726,-1.32,0.004
20220727,2.72,0.004
20220728,1.19,0.004
20220729,1.45,0.004
20220801,-0.19,0.008
20220802,-0.49,0.008
20220803,1.67,0.008
20220804,-0.06,0.008
20220805,-0.04,0.008
20220808,0,0.008
20220809,-0.68,0.008
20220810,2.36,0.008
20220811,-0.07,0.008
20220812,1.76,0.008
20220815,0.38,0.008
20220816,0.19,0.008
20220817,-0.93,0.008
20220818,0.27,0.008
20220819,-1.5,0.008
20220822,-2.14,0.008
20220823,-0.11,0.008
20220824,0.4,0.008
20220825,1.45,0.008
20220826,-3.37,0.008
20220829,-0.72,0.008
20220830,-1.11,0.008
20220831,-0.74,0.008
20220901,-0.01,0.009
20220902,-0.99,0.009
20220906,-0.51,0.009
20220907,1.92,0.009
20220908,0.78,0.009
20220909,1.67,0.009
20220912,1.07,0.009
20220913,-4.29,0.009
20220914,0.45,0.009
20220915,-1.03,0.009
20220916,-0.99,0.009
20220919,0.72,0.009
20220920,-1.16,0.009
20220921,-1.68,0.009
20220922,-1.14,0.009
20220923,-1.85,0.009
20220926,-1.02,0.009
20220927,-0.05,0.009
20220928,2.15,0.009
20220929,-2.17,0.009
20220930,-1.42,0.009
20221003,2.55,0.011
20221004,3.3,0.011
20221005,-0.22,0.011
20221006,-0.86,0.011
20221007,-2.91,0.011
20221010,-0.81,0.011
20221011,-0.7,0.011
20221012,-0.28,0.011
20221013,2.4,0.011
20221014,-2.46,0.011
20221017,2.74,0.011
20221018,1.19,0.011
20221019,-0.87,0.011
20221020,-0.8,0.011
20221021,2.3,0.011
20221024,1.03,0.011
20221025,1.78,0.011
20221026,-0.66,0.011
20221027,-0.54,0.011
20221028,2.32,0.011
20221031,-0.67,0.011
20221101,-0.35,0.014
20221102,-2.67,0.014
20221103,-1.03,0.014
20221104,1.16,0.014
20221107,0.87,0.014
20221108,0.5,0.014
20221109,-2.25,0.014
20221110,5.68,0.014
20221111,1.07,0.014
20221114,-0.95,0.014
20221115,1.03,0.014
20221116,-1.04,0.014
20221117,-0.42,0.014
20221118,0.4,0.014
20221121,-0.53,0.014
20221122,1.36,0.014
20221123,0.63,0.014
20221125,-0.02,0.014
20221128,-1.55,0.014
20221129,-0.18,0.014
20221130,3.12,0.014
20221201,-0.03,0.016
20221202,-0.08,0.016
20221205,-2.02,0.016
20221206,-1.51,0.016
20221207,-0.24,0.016
20221208,0.76,0.016
20221209,-0.8,0.016
20221212,1.41,0.016
20221213,0.66,0.016
20221214,-0.56,0.016
20221215,-2.57,0.016
20221216,-1.02,0.016
20221219,-1.01,0.016
20221220,0.13,0.016
20221221,1.52,0.016
20221222,-1.52,0.016
20221223,0.51,0.016
20221227,-0.51,0.016
20221228,-1.24,0.016
20221229,1.87,0.016
20221230,-0.22,0.016
20230103,-0.48,0.017
20230104,0.81,0.017
20230105,-1.14,0.017
20230106,2.21,0.017
20230109,0.04,0.017
20230110,0.8,0.017
20230111,1.26,0.017
20230112,0.46,0.017
20230113,0.46,0.017
20230117,-0.18,0.017
20230118,-1.55,0.017
20230119,-0.86,0.017
20230120,1.95,0.017
20230123,1.29,0.017
20230124,-0.16,0.017
20230125,0,0.017
20230126,1.08,0.017
20230127,0.36,0.017
20230130,-1.38,0.017
20230131,1.58,0.017
20230201,1.19,0.018
20230202,1.54,0.018
20230203,-1.08,0.018
20230206,-0.73,0.018
20230207,1.24,0.018
20230208,-1.18,0.018
20230209,-0.95,0.018
20230210,0.11,0.018
20230213,1.14,0.018
20230214,0.12,0.018
20230215,0.51,0.018
20230216,-1.37,0.018
20230217,-0.28,0.018
20230221,-2.16,0.018
20230222,-0.04,0.018
20230223,0.46,0.018
20230224,-1.09,0.018
20230227,0.31,0.018
20230228,-0.26,0.018
20230301,-0.42,0.016
20230302,0.67,0.016
20230303,1.61,0.016
20230306,-0.13,0.016
20230307,-1.45,0.016
20230308,0.08,0.016
20230309,-2.02,0.016
20230310,-1.68,0.016
20230313,-0.34,0.016
20230314,1.71,0.016
20230315,-0.79,0.016
20230316,1.76,0.016
20230317,-1.21,0.016
20230320,0.84,0.016
20230321,1.49,0.016
20230322,-1.74,0.016
20230323,0.21,0.016
20230324,0.46,0.016
20230327,0.27,0.016
20230328,-0.17,0.016
20230329,1.39,0.016
20230330,0.5,0.016
20230331,1.53,0.016
20230403,0.28,0.018
20230404,-0.72,0.018
20230405,-0.4,0.018
20230406,0.34,0.018
20230410,0.2,0.018
20230411,0.06,0.018
20230412,-0.51,0.018
20230413,1.39,0.018
20230414,-0.23,0.018
20230417,0.33,0.018
20230418,0.04,0.018
20230419,-0.04,0.018
20230420,-0.61,0.018
20230421,0.08,0.018
20230424,0,0.018
20230425,-1.76,0.018
20230426,-0.41,0.018
20230427,1.85,0.018
20230428,0.77,0.018
20230501,-0.02,0.016
20230502,-1.28,0.016
20230503,-0.56,0.016
20230504,-0.78,0.016
20230505,1.9,0.016
20230508,0.08,0.016
20230509,-0.43,0.016
20230510,0.43,0.016
20230511,-0.21,0.016
20230512,-0.22,0.016
20230515,0.47,0.016
20230516,-0.72,0.016
20230517,1.32,0.016
20230518,0.99,0.016
20230519,-0.26,0.016
20230522,0.17,0.016
20230523,-1.09,0.016
20230524,-0.72,0.016
20230525,0.64,0.016
20230526,1.32,0.016
20230530,-0.01,0.016
20230531,-0.6,0.016
20230601,1.02,0.019
20230602,1.62,0.019
20230605,-0.26,0.019
20230606,0.47,0.019
20230607,-0.36,0.019
20230608,0.59,0.019
20230609,0.03,0.019
20230612,0.94,0.019
20230613,0.74,0.019
20230614,-0.04,0.019
20230615,1.22,0.019
20230616,-0.45,0.019
20230620,-0.49,0.019
20230621,-0.56,0.019
20230622,0.32,0.019
20230623,-0.84,0.019
20230626,-0.48,0.019
20230627,1.21,0.019
20230628,0.04,0.019
20230629,0.44,0.019
20230630,1.14,0.019
20230703,0.15,0.022
20230705,-0.29,0.022
20230706,-0.95,0.022
20230707,-0.12,0.022
20230710,0.37,0.022
20230711,0.76,0.022
20230712,0.74,0.022
20230713,0.9,0.022
20230714,-0.25,0.022
20230717,0.49,0.022
20230718,0.78,0.022
20230719,0.25,0.022
20230720,-0.81,0.022
20230721,-0.05,0.022
20230724,0.31,0.022
20230725,0.25,0.022
20230726,0.02,0.022
20230727,-0.75,0.022
20230728,1.14,0.022
20230731,0.26,0.022
20230801,-0.35,0.02
20230802,-1.49,0.02
20230803,-0.19,0.02
20230804,-0.49,0.02
20230807,0.77,0.02
20230808,-0.47,0.02
20230809,-0.78,0.02
20230810,0.01,0.02
20230811,-0.11,0.02
20230814,0.51,0.02
20230815,-1.18,0.02
20230816,-0.81,0.02
20230817,-0.87,0.02
20230818,0.04,0.02
20230821,0.64,0.02
20230822,-0.32,0.02
20230823,1.08,0.02
20230824,-1.43,0.02
20230825,0.65,0.02
20230828,0.63,0.02
20230829,1.5,0.02
20230830,0.41,0.02
20230831,-0.08,0.02
20230901,0.26,0.021
20230905,-0.54,0.021
20230906,-0.71,0.021
20230907,-0.4,0.021
20230908,0.12,0.021
20230911,0.66,0.021
20230912,-0.59,0.021
20230913,0.03,0.021
20230914,0.84,0.021
20230915,-1.21,0.021
20230918,-0.04,0.021
20230919,-0.27,0.021
20230920,-0.95,0.021
20230921,-1.69,0.021
20230922,-0.25,0.021
20230925,0.39,0.021
20230926,-1.46,0.021
20230927,0.13,0.021
20230928,0.65,0.021
20230929,-0.27,0.021
20231002,-0.14,0.021
20231003,-1.5,0.021
20231004,0.77,0.021
20231005,-0.15,0.021
20231006,1.21,0.021
20231009,0.59,0.021
20231010,0.61,0.021
20231011,0.32,0.021
20231012,-0.81,0.021
20231013,-0.59,0.021
20231016,1.14,0.021
20231017,0.09,0.021
20231018,-1.47,0.021
20231019,-0.92,0.021
20231020,-1.32,0.021
20231023,-0.23,0.021
20231024,0.71,0.021
20231025,-1.58,0.021
20231026,-1.15,0.021
20231027,-0.53,0.021
20231030,1.15,0.021
20231031,0.63,0.021
20231101,0.93,0.021
20231102,1.95,0.021
20231103,1.1,0.021
20231106,0.01,0.021
20231107,0.35,0.021
20231108,-0.04,0.021
20231109,-0.89,0.021
20231110,1.49,0.021
20231113,-0.05,0.021
20231114,2.18,0.021
20231115,0.18,0.021
20231116,-0.11,0.021
20231117,0.25,0.021
20231120,0.73,0.021
20231121,-0.32,0.021
20231122,0.42,0.021
20231124,0.11,0.021
20231127,-0.23,0.021
20231128,0.06,0.021
20231129,0.01,0.021
20231130,0.35,0.021
20231201,0.82,0.021
20231204,-0.44,0.021
20231205,-0.21,0.021
20231206,-0.39,0.021
20231207,0.81,0.021
20231208,0.45,0.021
20231211,0.35,0.021
20231212,0.34,0.021
20231213,1.55,0.021
20231214,0.51,0.021
20231215,-0.06,0.021
20231218,0.42,0.021
20231219,0.72,0.021
20231220,-1.56,0.021
20231221,1.09,0.021
20231222,0.2,0.021
20231226,0.48,0.021
20231227,0.16,0.021
20231228,-0.01,0.021
20231229,-0.43,0.021
20240102,-0.7,0.022
20240103,-1.01,0.022
20240104,-0.33,0.022
20240105,0.15,0.022
20240108,1.49,0.022
20240109,-0.21,0.022
20240110,0.5,0.022
20240111,-0.14,0.022
20240112,-0.01,0.022
20240116,-0.47,0.022
20240117,-0.59,0.022
20240118,0.87,0.022
20240119,1.19,0.022
20240122,0.39,0.022
20240123,0.22,0.022
20240124,-0.01,0.022
20240125,0.46,0.022
20240126,-0.02,0.022
20240129,0.86,0.022
20240130,-0.13,0.022
20240131,-1.74,0.022
20240201,1.23,0.021
20240202,0.99,0.021
20240205,-0.42,0.021
20240206,0.27,0.021
20240207,0.77,0.021
20240208,0.21,0.021
20240209,0.65,0.021
20240212,0.05,0.021
20240213,-1.6,0.021
20240214,1.14,0.021
20240215,0.67,0.021
20240216,-0.53,0.021
20240220,-0.74,0.021
20240221,-0.03,0.021
20240222,2.02,0.021
20240223,0.02,0.021
20240226,-0.25,0.021
20240227,0.27,0.021
20240228,-0.26,0.021
20240229,0.54,0.021
20240301,0.76,0.021
20240304,-0.18,0.021
20240305,-1.08,0.021
20240306,0.53,0.021
20240307,1.02,0.021
20240308,-0.66,0.021
20240311,-0.21,0.021
20240312,1.04,0.021
20240313,-0.14,0.021
20240314,-0.43,0.021
20240315,-0.59,0.021
20240318,0.53,0.021
20240319,0.54,0.021
20240320,1.03,0.021
20240321,0.42,0.021
20240322,-0.23,0.021
20240325,-0.26,0.021
20240326,-0.26,0.021
20240327,0.88,0.021
20240328,0.1,0.021
20240401,-0.27,0.021
20240402,-0.85,0.021
20240403,0.16,0.021
20240404,-1.23,0.021
20240405,1.05,0.021
20240408,0.01,0.021
20240409,0.14,0.021
20240410,-1.01,0.021
20240411,0.72,0.021
20240412,-1.53,0.021
20240415,-1.29,0.021
20240416,-0.23,0.021
20240417,-0.64,0.021
20240418,-0.27,0.021
20240419,-0.82,0.021
20240422,0.87,0.021
20240423,1.27,0.021
20240424,-0.01,0.021
20240425,-0.48,0.021
20240426,1.04,0.021
20240429,0.34,0.021
20240430,-1.67,0.021
20240501,-0.27,0.02
20240502,1.01,0.02
20240503,1.19,0.02
20240506,1.09,0.02
20240507,0.05,0.02
20240508,-0.09,0.02
20240509,0.52,0.02
20240510,0.08,0.02
20240513,-0.04,0.02
20240514,0.57,0.02
20240515,1.15,0.02
20240516,-0.25,0.02
20240517,0.11,0.02
20240520,0.14,0.02
20240521,0.15,0.02
20240522,-0.35,0.02
20240523,-0.85,0.02
20240524,0.72,0.02
20240528,-0.04,0.02
20240529,-0.77,0.02
20240530,-0.52,0.02
20240531,0.68,0.02
20240603,0.04,0.022
20240604,-0.06,0.022
20240605,1.23,0.022
20240606,-0.06,0.022
20240607,-0.23,0.022
20240610,0.28,0.022
20240611,0.2,0.022
20240612,0.94,0.022
20240613,0.04,0.022
20240614,-0.17,0.022
20240617,0.78,0.022
20240618,0.2,0.022
20240620,-0.31,0.022
20240621,-0.13,0.022
20240624,-0.25,0.022
20240625,0.31,0.022
20240626,0.16,0.022
20240627,0.14,0.022
20240628,-0.35,0.022
20240701,0.22,0.021
20240702,0.57,0.021
20240703,0.48,0.021
20240705,0.48,0.021
20240708,0.1,0.021
20240709,0,0.021
20240710,0.97,0.021
20240711,-0.59,0.021
20240712,0.58,0.021
20240715,0.38,0.021
20240716,0.83,0.021
20240717,-1.5,0.021
20240718,-0.95,0.021
20240719,-0.68,0.021
20240722,1.08,0.021
20240723,-0.05,0.021
20240724,-2.37,0.021
20240725,-0.33,0.021
20240726,1.1,0.021
20240729,-0.04,0.021
20240730,-0.53,0.021
20240731,1.53,0.021
20240801,-1.61,0.022
20240802,-2.12,0.022
20240805,-3.02,0.022
20240806,1,0.022
20240807,-0.83,0.022
20240808,2.39,0.022
20240809,0.43,0.022
20240812,-0.08,0.022
20240813,1.69,0.022
20240814,0.3,0.022
20240815,1.78,0.022
20240816,0.21,0.022
20240819,0.98,0.022
20240820,-0.32,0.022
20240821,0.52,0.022
20240822,-0.96,0.022
20240823,1.29,0.022
20240826,-0.34,0.022
20240827,0.06,0.022
20240828,-0.67,0.022
20240829,0.08,0.022
20240830,0.98,0.022
,,
Copyright 2024 Eugene F. Fama and Kenneth R. French,,
