time,vwretd,sprtrn,spindx
2017/1/3,0.008205,0.008487,2257.83
2017/1/4,0.008618,0.005722,2270.75
2017/1/5,-0.000945,-0.000771,2269
2017/1/6,0.00231,0.003517,2276.98
2017/1/9,-0.003925,-0.003549,2268.9
2017/1/10,0.001311,0,2268.9
2017/1/11,0.003227,0.00283,2275.32
2017/1/12,-0.002536,-0.002145,2270.44
2017/1/13,0.002819,0.00185,2274.64
2017/1/17,-0.003693,-0.002968,2267.89
2017/1/18,0.001415,0.001764,2271.89
2017/1/19,-0.003889,-0.003609,2263.69
2017/1/20,0.003625,0.003366,2271.31
2017/1/23,-0.001921,-0.00269,2265.2
2017/1/24,0.008375,0.006565,2280.07
2017/1/25,0.008078,0.008026,2298.37
2017/1/26,-0.00115,-0.000735,2296.68
2017/1/27,-0.001599,-0.000866,2294.69
2017/1/30,-0.007057,-0.00601,2280.9
2017/1/31,0.000839,-0.00089,2278.87
2017/2/1,0.000282,0.000298,2279.55
2017/2/2,0.000599,0.00057,2280.85
2017/2/3,0.007801,0.007265,2297.42
2017/2/6,-0.002713,-0.002115,2292.56
2017/2/7,-0.000541,0.000227,2293.08
2017/2/8,0.001224,0.000693,2294.67
2017/2/9,0.00649,0.005753,2307.87
2017/2/10,0.004103,0.003566,2316.1
2017/2/13,0.004652,0.005246,2328.25
2017/2/14,0.003882,0.004007,2337.58
2017/2/15,0.004785,0.004992,2349.25
2017/2/16,-0.001251,-0.000864,2347.22
2017/2/17,0.0019,0.001679,2351.16
2017/2/21,0.005811,0.006048,2365.38
2017/2/22,-0.001741,-0.001082,2362.82
2017/2/23,-0.000909,0.000419,2363.81
2017/2/24,0.00045,0.001493,2367.34
2017/2/27,0.001995,0.001018,2369.75
2017/2/28,-0.004647,-0.002578,2363.64
2017/3/1,0.013366,0.013674,2395.96
2017/3/2,-0.006862,-0.00586,2381.92
2017/3/3,0.000944,0.000504,2383.12
2017/3/6,-0.003808,-0.003277,2375.31
2017/3/7,-0.003455,-0.002913,2368.39
2017/3/8,-0.003233,-0.002284,2362.98
2017/3/9,-0.000246,0.0008,2364.87
2017/3/10,0.003446,0.003269,2372.6
2017/3/13,0.001665,0.000367,2373.47
2017/3/14,-0.00418,-0.003379,2365.45
2017/3/15,0.010125,0.008375,2385.26
2017/3/16,-0.000614,-0.001627,2381.38
2017/3/17,-0.000812,-0.001314,2378.25
2017/3/20,-0.002332,-0.00201,2373.47
2017/3/21,-0.013602,-0.012408,2344.02
2017/3/22,0.001795,0.00189,2348.45
2017/3/23,0.000156,-0.00106,2345.96
2017/3/24,-0.000317,-0.000844,2343.98
2017/3/27,-0.000361,-0.00102,2341.59
2017/3/28,0.006893,0.007251,2358.57
2017/3/29,0.002268,0.001085,2361.13
2017/3/30,0.002599,0.002935,2368.06
2017/3/31,-0.001095,-0.002255,2362.72
2017/4/3,-0.002624,-0.001642,2358.84
2017/4/4,0.000621,0.00056,2360.16
2017/4/5,-0.004134,-0.003055,2352.95
2017/4/6,0.003506,0.00193,2357.49
2017/4/7,-0.000717,-0.000827,2355.54
2017/4/10,0.001468,0.000688,2357.16
2017/4/11,-0.000127,-0.001434,2353.78
2017/4/12,-0.004575,-0.00376,2344.93
2017/4/13,-0.007191,-0.006815,2328.95
2017/4/17,0.008654,0.008613,2349.01
2017/4/18,-0.002508,-0.002903,2342.19
2017/4/19,-0.001333,-0.001716,2338.17
2017/4/20,0.007669,0.007557,2355.84
2017/4/21,-0.002842,-0.003035,2348.69
2017/4/24,0.010754,0.01084,2374.15
2017/4/25,0.00596,0.006091,2388.61
2017/4/26,-0.000105,-0.000486,2387.45
2017/4/27,-0.00004,0.000553,2388.77
2017/4/28,-0.002611,-0.001913,2384.2
2017/5/1,0.002001,0.001732,2388.33
2017/5/2,0.000255,0.001189,2391.17
2017/5/3,-0.002573,-0.001271,2388.13
2017/5/4,-0.000777,0.000582,2389.52
2017/5/5,0.005792,0.004089,2399.29
2017/5/8,-0.00082,0.000037,2399.38
2017/5/9,-0.000984,-0.001025,2396.92
2017/5/10,0.0026,0.001131,2399.63
2017/5/11,-0.002715,-0.002163,2394.44
2017/5/12,-0.001539,-0.001478,2390.9
2017/5/15,0.005603,0.004777,2402.32
2017/5/16,-0.000384,-0.000687,2400.67
2017/5/17,-0.018102,-0.018178,2357.03
2017/5/18,0.003369,0.003687,2365.72
2017/5/19,0.007577,0.006767,2381.73
2017/5/22,0.005394,0.00516,2394.02
2017/5/23,0.001526,0.001838,2398.42
2017/5/24,0.002402,0.002489,2404.39
2017/5/25,0.003248,0.004442,2415.07
2017/5/26,0.00031,0.000311,2415.82
2017/5/30,-0.002267,-0.001205,2412.91
2017/5/31,-0.000326,-0.00046,2411.8
2017/6/1,0.009052,0.007571,2430.06
2017/6/2,0.003486,0.003708,2439.07
2017/6/5,-0.001819,-0.001218,2436.1
2017/6/6,-0.00215,-0.002779,2429.33
2017/6/7,0.000725,0.001568,2433.14
2017/6/8,0.001597,0.000267,2433.79
2017/6/9,-0.000547,-0.00083,2431.77
2017/6/12,-0.000866,-0.000979,2429.39
2017/6/13,0.005328,0.004512,2440.35
2017/6/14,-0.002289,-0.000996,2437.92
2017/6/15,-0.002973,-0.00224,2432.46
2017/6/16,0.000543,0.000284,2433.15
2017/6/19,0.007639,0.008347,2453.46
2017/6/20,-0.007515,-0.006697,2437.03
2017/6/21,-0.000752,-0.000583,2435.61
2017/6/22,0.000802,-0.000456,2434.5
2017/6/23,0.002916,0.001561,2438.3
2017/6/26,0.00094,0.000316,2439.07
2017/6/27,-0.007476,-0.008073,2419.38
2017/6/28,0.010009,0.008808,2440.69
2017/6/29,-0.008117,-0.0086,2419.7
2017/6/30,0.001446,0.001533,2423.41
2017/7/3,0.003039,0.002311,2429.01
2017/7/5,0.000131,0.001453,2432.54
2017/7/6,-0.009231,-0.009369,2409.75
2017/7/7,0.006444,0.006403,2425.18
2017/7/10,0.000501,0.000928,2427.43
2017/7/11,0.000236,-0.000783,2425.53
2017/7/12,0.007693,0.007306,2443.25
2017/7/13,0.001729,0.001875,2447.83
2017/7/14,0.004849,0.004674,2459.27
2017/7/17,0.000014,-0.000053,2459.14
2017/7/18,0.000459,0.000598,2460.61
2017/7/19,0.005964,0.005373,2473.83
2017/7/20,0.000033,-0.000154,2473.45
2017/7/21,-0.000922,-0.000368,2472.54
2017/7/24,-0.000133,-0.001064,2469.91
2017/7/25,0.003457,0.002923,2477.13
2017/7/26,-0.000085,0.000283,2477.83
2017/7/27,-0.002093,-0.000973,2475.42
2017/7/28,-0.001066,-0.001341,2472.1
2017/7/31,-0.000859,-0.000728,2470.3
2017/8/1,0.00236,0.002449,2476.35
2017/8/2,-0.000989,0.000493,2477.57
2017/8/3,-0.00218,-0.002184,2472.16
2017/8/4,0.002012,0.001889,2476.83
2017/8/7,0.001414,0.001647,2480.91
2017/8/8,-0.002772,-0.002414,2474.92
2017/8/9,-0.001449,-0.000364,2474.02
2017/8/10,-0.014415,-0.014474,2438.21
2017/8/11,0.001508,0.001276,2441.32
2017/8/14,0.009827,0.010044,2465.84
2017/8/15,-0.00145,-0.000499,2464.61
2017/8/16,0.002153,0.00142,2468.11
2017/8/17,-0.014559,-0.015437,2430.01
2017/8/18,-0.001186,-0.001835,2425.55
2017/8/21,0.000858,0.001163,2428.37
2017/8/22,0.009406,0.009941,2452.51
2017/8/23,-0.001918,-0.003454,2444.04
2017/8/24,-0.00116,-0.002074,2438.97
2017/8/25,0.002002,0.001673,2443.05
2017/8/28,0.000326,0.000487,2444.24
2017/8/29,0.000673,0.000843,2446.3
2017/8/30,0.004622,0.004615,2457.59
2017/8/31,0.006903,0.005721,2471.65
2017/9/1,0.002852,0.001983,2476.55
2017/9/5,-0.00762,-0.007551,2457.85
2017/9/6,0.00319,0.003129,2465.54
2017/9/7,-0.000032,-0.000178,2465.1
2017/9/8,-0.001271,-0.001489,2461.43
2017/9/11,0.010251,0.010839,2488.11
2017/9/12,0.003547,0.003364,2496.48
2017/9/13,0.000552,0.000757,2498.37
2017/9/14,-0.000492,-0.001101,2495.62
2017/9/15,0.001829,0.001847,2500.23
2017/9/18,0.002006,0.001456,2503.87
2017/9/19,0.001121,0.00111,2506.65
2017/9/20,0.000919,0.000634,2508.24
2017/9/21,-0.002543,-0.003046,2500.6
2017/9/22,0.0011,0.000648,2502.22
2017/9/25,-0.001881,-0.002222,2496.66
2017/9/26,0.000213,0.000072,2496.84
2017/9/27,0.004975,0.004085,2507.04
2017/9/28,0.001611,0.001205,2510.06
2017/9/29,0.003328,0.003705,2519.36
2017/10/2,0.004542,0.003874,2529.12
2017/10/3,0.0025,0.002159,2534.58
2017/10/4,0.000781,0.001247,2537.74
2017/10/5,0.00477,0.005647,2552.07
2017/10/6,-0.000977,-0.001074,2549.33
2017/10/9,-0.001988,-0.001804,2544.73
2017/10/10,0.002717,0.002322,2550.64
2017/10/11,0.00195,0.001804,2555.24
2017/10/12,-0.001538,-0.001687,2550.93
2017/10/13,0.000886,0.000878,2553.17
2017/10/16,0.001013,0.001751,2557.64
2017/10/17,-0.000188,0.000673,2559.36
2017/10/18,0.000987,0.000742,2561.26
2017/10/19,-0.000131,0.000328,2562.1
2017/10/20,0.004204,0.005117,2575.21
2017/10/23,-0.004272,-0.003972,2564.98
2017/10/24,0.001655,0.001618,2569.13
2017/10/25,-0.005407,-0.004663,2557.15
2017/10/26,0.0015,0.001271,2560.4
2017/10/27,0.007589,0.008073,2581.07
2017/10/30,-0.003392,-0.003192,2572.83
2017/10/31,0.00203,0.000944,2575.26
2017/11/1,0.000748,0.001592,2579.36
2017/11/2,0.00034,0.00019,2579.85
2017/11/3,0.002852,0.003097,2587.84
2017/11/6,0.002097,0.001271,2591.13
2017/11/7,-0.001835,-0.000189,2590.64
2017/11/8,0.001385,0.001444,2594.38
2017/11/9,-0.003602,-0.003762,2584.62
2017/11/10,-0.000272,-0.000898,2582.3
2017/11/13,0.000195,0.000984,2584.84
2017/11/14,-0.00256,-0.00231,2578.87
2017/11/15,-0.004852,-0.005526,2564.62
2017/11/16,0.009334,0.008196,2585.64
2017/11/17,-0.000921,-0.002626,2578.85
2017/11/20,0.001805,0.001276,2582.14
2017/11/21,0.006542,0.006541,2599.03
2017/11/22,-0.000064,-0.00075,2597.08
2017/11/24,0.002145,0.002056,2602.42
2017/11/27,-0.001546,-0.000384,2601.42
2017/11/28,0.008835,0.009849,2627.04
2017/11/29,-0.000731,-0.000369,2626.07
2017/11/30,0.007237,0.008191,2647.58
2017/12/1,-0.001124,-0.002025,2642.22
2017/12/4,-0.001749,-0.001052,2639.44
2017/12/5,-0.00418,-0.003739,2629.57
2017/12/6,-0.001387,-0.000114,2629.27
2017/12/7,0.004019,0.002932,2636.98
2017/12/8,0.00505,0.005506,2651.5
2017/12/11,0.002781,0.003202,2659.99
2017/12/12,0.000744,0.001549,2664.11
2017/12/13,0.000541,-0.000473,2662.85
2017/12/14,-0.004374,-0.004071,2652.01
2017/12/15,0.007951,0.008974,2675.81
2017/12/18,0.006749,0.005363,2690.16
2017/12/19,-0.003411,-0.00323,2681.47
2017/12/20,-0.000103,-0.000828,2679.25
2017/12/21,0.00251,0.001986,2684.57
2017/12/22,-0.000161,-0.000458,2683.34
2017/12/26,-0.000171,-0.001058,2680.5
2017/12/27,0.000848,0.000791,2682.62
2017/12/28,0.002503,0.001834,2687.54
2017/12/29,-0.00475,-0.005183,2673.61
2018/1/2,0.008505,0.008303,2695.81
2018/1/3,0.005856,0.006399,2713.06
2018/1/4,0.004001,0.004029,2723.99
2018/1/5,0.005804,0.007034,2743.15
2018/1/8,0.001816,0.001662,2747.71
2018/1/9,0.000921,0.001303,2751.29
2018/1/10,-0.001506,-0.001112,2748.23
2018/1/11,0.008295,0.007034,2767.56
2018/1/12,0.006082,0.00675,2786.24
2018/1/16,-0.004432,-0.003524,2776.42
2018/1/17,0.008575,0.009415,2802.56
2018/1/18,-0.002002,-0.001616,2798.03
2018/1/19,0.005419,0.004385,2810.3
2018/1/22,0.007587,0.008067,2832.97
2018/1/23,0.002623,0.002174,2839.13
2018/1/24,-0.000901,-0.00056,2837.54
2018/1/25,0.000076,0.000603,2839.25
2018/1/26,0.009965,0.011841,2872.87
2018/1/29,-0.006914,-0.006732,2853.53
2018/1/30,-0.010195,-0.010899,2822.43
2018/1/31,0.000149,0.000489,2823.81
2018/2/1,-0.000265,-0.000648,2821.98
2018/2/2,-0.020867,-0.021209,2762.13
2018/2/5,-0.038014,-0.040979,2648.94
2018/2/6,0.015314,0.017441,2695.14
2018/2/7,-0.004174,-0.005002,2681.66
2018/2/8,-0.034694,-0.037536,2581
2018/2/9,0.012281,0.014936,2619.55
2018/2/12,0.013221,0.013915,2656
2018/2/13,0.002897,0.002613,2662.94
2018/2/14,0.014362,0.013402,2698.63
2018/2/15,0.011112,0.012069,2731.2
2018/2/16,0.000368,0.000373,2732.22
2018/2/20,-0.006285,-0.005841,2716.26
2018/2/21,-0.004405,-0.005497,2701.33
2018/2/22,0.000219,0.000974,2703.96
2018/2/23,0.014656,0.016028,2747.3
2018/2/26,0.009999,0.011757,2779.6
2018/2/27,-0.012554,-0.012707,2744.28
2018/2/28,-0.011036,-0.011096,2713.83
2018/3/1,-0.010788,-0.013324,2677.67
2018/3/2,0.005872,0.005072,2691.25
2018/3/5,0.010129,0.011032,2720.94
2018/3/6,0.004148,0.002639,2728.12
2018/3/7,0.00045,-0.000484,2726.8
2018/3/8,0.003647,0.004463,2738.97
2018/3/9,0.015749,0.017379,2786.57
2018/3/12,-0.000151,-0.001274,2783.02
2018/3/13,-0.00618,-0.006364,2765.31
2018/3/14,-0.004591,-0.005725,2749.48
2018/3/15,-0.002203,-0.000782,2747.33
2018/3/16,0.002435,0.001703,2752.01
2018/3/19,-0.012909,-0.014204,2712.92
2018/3/20,0.001338,0.001482,2716.94
2018/3/21,0.000421,-0.001844,2711.93
2018/3/22,-0.02389,-0.025163,2643.69
2018/3/23,-0.019286,-0.020967,2588.26
2018/3/26,0.024231,0.027157,2658.55
2018/3/27,-0.016562,-0.017276,2612.62
2018/3/28,-0.002589,-0.002917,2605
2018/3/29,0.013458,0.01377,2640.87
2018/4/2,-0.021354,-0.022337,2581.88
2018/4/3,0.011507,0.012615,2614.45
2018/4/4,0.010361,0.011566,2644.69
2018/4/5,0.007405,0.006863,2662.84
2018/4/6,-0.019971,-0.02192,2604.47
2018/4/9,0.002849,0.003337,2613.16
2018/4/10,0.016406,0.016727,2656.87
2018/4/11,-0.003796,-0.005525,2642.19
2018/4/12,0.006932,0.008251,2663.99
2018/4/13,-0.00307,-0.002887,2656.3
2018/4/16,0.008002,0.008109,2677.84
2018/4/17,0.010291,0.010662,2706.39
2018/4/18,0.001626,0.000831,2708.64
2018/4/19,-0.005395,-0.005726,2693.13
2018/4/20,-0.007464,-0.008537,2670.14
2018/4/23,-0.000446,0.000056,2670.29
2018/4/24,-0.011375,-0.013381,2634.56
2018/4/25,0.000773,0.001837,2639.4
2018/4/26,0.009015,0.010434,2666.94
2018/4/27,0.000715,0.001114,2669.91
2018/4/30,-0.007258,-0.008187,2648.05
2018/5/1,0.002191,0.002549,2654.8
2018/5/2,-0.005574,-0.007206,2635.67
2018/5/3,-0.002256,-0.002254,2629.73
2018/5/4,0.012299,0.012811,2663.42
2018/5/7,0.004128,0.003458,2672.63
2018/5/8,0.000407,-0.000266,2671.92
2018/5/9,0.008609,0.009682,2697.79
2018/5/10,0.008627,0.009371,2723.07
2018/5/11,0.001549,0.001708,2727.72
2018/5/14,0.000775,0.000883,2730.13
2018/5/15,-0.005764,-0.006842,2711.45
2018/5/16,0.004811,0.004061,2722.46
2018/5/17,0.000295,-0.000856,2720.13
2018/5/18,-0.002228,-0.002632,2712.97
2018/5/21,0.006987,0.007387,2733.01
2018/5/22,-0.003453,-0.003136,2724.44
2018/5/23,0.002289,0.003248,2733.29
2018/5/24,-0.001827,-0.002023,2727.76
2018/5/25,-0.002208,-0.002357,2721.33
2018/5/29,-0.009951,-0.011564,2689.86
2018/5/30,0.013096,0.012696,2724.01
2018/5/31,-0.00649,-0.00688,2705.27
2018/6/1,0.009646,0.010849,2734.62
2018/6/4,0.004526,0.00448,2746.87
2018/6/5,0.001474,0.000703,2748.8
2018/6/6,0.007987,0.008567,2772.35
2018/6/7,-0.001115,-0.000714,2770.37
2018/6/8,0.002985,0.003126,2779.03
2018/6/11,0.00152,0.001069,2782
2018/6/12,0.001944,0.001743,2786.85
2018/6/13,-0.003612,-0.004026,2775.63
2018/6/14,0.002641,0.002472,2782.49
2018/6/15,-0.001637,-0.001017,2779.66
2018/6/18,-0.000751,-0.002126,2773.75
2018/6/19,-0.004079,-0.004023,2762.59
2018/6/20,0.002734,0.001712,2767.32
2018/6/21,-0.006898,-0.006346,2749.76
2018/6/22,0.002282,0.001862,2754.88
2018/6/25,-0.014414,-0.013725,2717.07
2018/6/26,0.002922,0.002205,2723.06
2018/6/27,-0.009748,-0.008604,2699.63
2018/6/28,0.005631,0.006179,2716.31
2018/6/29,0.001584,0.000758,2718.37
2018/7/2,0.002185,0.003068,2726.71
2018/7/3,-0.002892,-0.004947,2713.22
2018/7/5,0.008475,0.008621,2736.61
2018/7/6,0.00839,0.008481,2759.82
2018/7/9,0.008401,0.008823,2784.17
2018/7/10,0.002293,0.003473,2793.84
2018/7/11,-0.007407,-0.007094,2774.02
2018/7/12,0.008241,0.008749,2798.29
2018/7/13,0.000713,0.001079,2801.31
2018/7/16,-0.00183,-0.001028,2798.43
2018/7/17,0.003883,0.003974,2809.55
2018/7/18,0.002471,0.002161,2815.62
2018/7/19,-0.002465,-0.003953,2804.49
2018/7/20,-0.001024,-0.000948,2801.83
2018/7/23,0.001025,0.001838,2806.98
2018/7/24,0.001977,0.004781,2820.4
2018/7/25,0.008264,0.009102,2846.07
2018/7/26,-0.001558,-0.003032,2837.44
2018/7/27,-0.007646,-0.006562,2818.82
2018/7/30,-0.00558,-0.005754,2802.6
2018/7/31,0.005536,0.004885,2816.29
2018/8/1,-0.001296,-0.00104,2813.36
2018/8/2,0.005511,0.004926,2827.22
2018/8/3,0.003274,0.004644,2840.35
2018/8/6,0.003857,0.003538,2850.4
2018/8/7,0.002255,0.002824,2858.45
2018/8/8,-0.00027,-0.000262,2857.7
2018/8/9,-0.000291,-0.001442,2853.58
2018/8/10,-0.006335,-0.007114,2833.28
2018/8/13,-0.004685,-0.004006,2821.93
2018/8/14,0.006617,0.006389,2839.96
2018/8/15,-0.00908,-0.007602,2818.37
2018/8/16,0.008016,0.007919,2840.69
2018/8/17,0.003866,0.003323,2850.13
2018/8/20,0.002833,0.002428,2857.05
2018/8/21,0.003128,0.002069,2862.96
2018/8/22,0.00073,-0.000398,2861.82
2018/8/23,-0.002437,-0.001691,2856.98
2018/8/24,0.006245,0.006199,2874.69
2018/8/27,0.007157,0.00767,2896.74
2018/8/28,0.000006,0.000269,2897.52
2018/8/29,0.005183,0.005701,2914.04
2018/8/30,-0.004428,-0.00443,2901.13
2018/8/31,0.000301,0.000134,2901.52
2018/9/4,-0.002248,-0.001654,2896.72
2018/9/5,-0.003502,-0.002803,2888.6
2018/9/6,-0.003967,-0.003652,2878.05
2018/9/7,-0.002371,-0.002213,2871.68
2018/9/10,0.002274,0.001898,2877.13
2018/9/11,0.00323,0.00374,2887.89
2018/9/12,0.000829,0.000357,2888.92
2018/9/13,0.004324,0.005282,2904.18
2018/9/14,0.000904,0.000275,2904.98
2018/9/17,-0.005975,-0.00557,2888.8
2018/9/18,0.005494,0.005369,2904.31
2018/9/19,0.000524,0.001253,2907.95
2018/9/20,0.00785,0.007841,2930.75
2018/9/21,-0.001043,-0.000369,2929.67
2018/9/24,-0.003703,-0.003516,2919.37
2018/9/25,-0.000509,-0.001305,2915.56
2018/9/26,-0.004024,-0.003289,2905.97
2018/9/27,0.002401,0.002763,2914
2018/9/28,0.00009,-0.000007,2913.98
2018/10/1,0.001786,0.003641,2924.59
2018/10/2,-0.002262,-0.000397,2923.43
2018/10/3,0.001625,0.000712,2925.51
2018/10/4,-0.00931,-0.008169,2901.61
2018/10/5,-0.006058,-0.005528,2885.57
2018/10/8,-0.001348,-0.000395,2884.43
2018/10/9,-0.001788,-0.001418,2880.34
2018/10/10,-0.031351,-0.032864,2785.68
2018/10/11,-0.018802,-0.020573,2728.37
2018/10/12,0.012278,0.014206,2767.13
2018/10/15,-0.003655,-0.005905,2750.79
2018/10/16,0.02147,0.021496,2809.92
2018/10/17,-0.001386,-0.000253,2809.21
2018/10/18,-0.014622,-0.014392,2768.78
2018/10/19,-0.001816,-0.000361,2767.78
2018/10/22,-0.003901,-0.0043,2755.88
2018/10/23,-0.005977,-0.005512,2740.69
2018/10/24,-0.030628,-0.030864,2656.1
2018/10/25,0.017448,0.018625,2705.57
2018/10/26,-0.015512,-0.017327,2658.69
2018/10/29,-0.006987,-0.00656,2641.25
2018/10/30,0.015604,0.015667,2682.63
2018/10/31,0.010455,0.010851,2711.74
2018/11/1,0.013011,0.010558,2740.37
2018/11/2,-0.004779,-0.006317,2723.06
2018/11/5,0.004439,0.0056,2738.31
2018/11/6,0.005704,0.006259,2755.45
2018/11/7,0.019256,0.021209,2813.89
2018/11/8,-0.002936,-0.002509,2806.83
2018/11/9,-0.009721,-0.009199,2781.01
2018/11/12,-0.018878,-0.019701,2726.22
2018/11/13,-0.001188,-0.001482,2722.18
2018/11/14,-0.006557,-0.007567,2701.58
2018/11/15,0.010788,0.010594,2730.2
2018/11/16,0.002082,0.002223,2736.27
2018/11/19,-0.016575,-0.016643,2690.73
2018/11/20,-0.017946,-0.018151,2641.89
2018/11/21,0.00622,0.003043,2649.93
2018/11/23,-0.00556,-0.006555,2632.56
2018/11/26,0.014598,0.015532,2673.45
2018/11/27,0.000513,0.003262,2682.17
2018/11/28,0.022306,0.022974,2743.79
2018/11/29,-0.001759,-0.002198,2737.76
2018/11/30,0.006818,0.008185,2760.17
2018/12/3,0.011443,0.010941,2790.37
2018/12/4,-0.031761,-0.032365,2700.06
2018/12/6,-0.001887,-0.001522,2695.95
2018/12/7,-0.021063,-0.02332,2633.08
2018/12/10,-0.000255,0.001762,2637.72
2018/12/11,-0.000717,-0.000356,2636.78
2018/12/12,0.006327,0.00542,2651.07
2018/12/13,-0.002157,-0.0002,2650.54
2018/12/14,-0.0171,-0.019087,2599.95
2018/12/17,-0.020886,-0.020773,2545.94
2018/12/18,-0.000164,0.000086,2546.16
2018/12/19,-0.014833,-0.015396,2506.96
2018/12/20,-0.015372,-0.015772,2467.42
2018/12/21,-0.020591,-0.020588,2416.62
2018/12/24,-0.024166,-0.027112,2351.1
2018/12/26,0.04686,0.049594,2467.7
2018/12/27,0.006822,0.008563,2488.83
2018/12/28,0.000154,-0.001242,2485.74
2018/12/31,0.008318,0.008492,2506.85
2019/1/2,0.001796,0.001268,2510.03
2019/1/3,-0.021043,-0.024757,2447.89
2019/1/4,0.03341,0.034336,2531.94
2019/1/7,0.009202,0.00701,2549.69
2019/1/8,0.010269,0.009695,2574.41
2019/1/9,0.006199,0.004098,2584.96
2019/1/10,0.004474,0.004518,2596.64
2019/1/11,-0.000152,-0.000146,2596.26
2019/1/14,-0.005465,-0.005258,2582.61
2019/1/15,0.009839,0.010722,2610.3
2019/1/16,0.003177,0.002222,2616.1
2019/1/17,0.007082,0.007591,2635.96
2019/1/18,0.012032,0.013183,2670.71
2019/1/22,-0.01415,-0.014157,2632.9
2019/1/23,0.001313,0.002203,2638.7
2019/1/24,0.002789,0.001376,2642.33
2019/1/25,0.009553,0.008489,2664.76
2019/1/28,-0.006493,-0.007847,2643.85
2019/1/29,-0.000918,-0.001456,2640
2019/1/30,0.014357,0.015549,2681.05
2019/1/31,0.008467,0.008597,2704.1
2019/2/1,0.001418,0.000899,2706.53
2019/2/4,0.006692,0.006776,2724.87
2019/2/5,0.004392,0.004708,2737.7
2019/2/6,-0.002529,-0.002224,2731.61
2019/2/7,-0.008815,-0.009357,2706.05
2019/2/8,0.000651,0.000676,2707.88
2019/2/11,0.001262,0.000709,2709.8
2019/2/12,0.012367,0.01289,2744.73
2019/2/13,0.002782,0.003024,2753.03
2019/2/14,-0.001423,-0.002652,2745.73
2019/2/15,0.010835,0.010879,2775.6
2019/2/19,0.002351,0.001499,2779.76
2019/2/20,0.002105,0.001777,2784.7
2019/2/21,-0.003534,-0.003526,2774.88
2019/2/22,0.006367,0.006411,2792.67
2019/2/25,0.001355,0.001232,2796.11
2019/2/26,-0.001496,-0.00079,2793.9
2019/2/27,0.000503,-0.000544,2792.38
2019/2/28,-0.002832,-0.002826,2784.49
2019/3/1,0.006074,0.006895,2803.69
2019/3/4,-0.004235,-0.003881,2792.81
2019/3/5,-0.00132,-0.001132,2789.65
2019/3/6,-0.007768,-0.006524,2771.45
2019/3/7,-0.007494,-0.008126,2748.93
2019/3/8,-0.0019,-0.002132,2743.07
2019/3/11,0.014348,0.014666,2783.3
2019/3/12,0.002743,0.002953,2791.52
2019/3/13,0.006419,0.00695,2810.92
2019/3/14,-0.000989,-0.000868,2808.48
2019/3/15,0.004549,0.004985,2822.48
2019/3/18,0.004449,0.003706,2832.94
2019/3/19,-0.000676,-0.000131,2832.57
2019/3/20,-0.003146,-0.002944,2824.23
2019/3/21,0.010294,0.010852,2854.88
2019/3/22,-0.020352,-0.018975,2800.71
2019/3/25,-0.000328,-0.000839,2798.36
2019/3/26,0.007719,0.007183,2818.46
2019/3/27,-0.004686,-0.004644,2805.37
2019/3/28,0.004111,0.003589,2815.44
2019/3/29,0.006019,0.006734,2834.4
2019/4/1,0.011239,0.011569,2867.19
2019/4/2,-0.000146,0.000017,2867.24
2019/4/3,0.002548,0.002148,2873.4
2019/4/4,0.001939,0.002085,2879.39
2019/4/5,0.005114,0.004636,2892.74
2019/4/8,0.001042,0.001047,2895.77
2019/4/9,-0.006282,-0.006067,2878.2
2019/4/10,0.004781,0.003478,2888.21
2019/4/11,-0.000123,0.000038,2888.32
2019/4/12,0.006427,0.006609,2907.41
2019/4/15,-0.001019,-0.000629,2905.58
2019/4/16,0.000713,0.000509,2907.06
2019/4/17,-0.003057,-0.002274,2900.45
2019/4/18,0.001078,0.001579,2905.03
2019/4/22,0.00055,0.001012,2907.97
2019/4/23,0.008919,0.008841,2933.68
2019/4/24,-0.002067,-0.002192,2927.25
2019/4/25,-0.001464,-0.000369,2926.17
2019/4/26,0.005368,0.004685,2939.88
2019/4/29,0.001457,0.001072,2943.03
2019/4/30,0.000358,0.000951,2945.83
2019/5/1,-0.007552,-0.007502,2923.73
2019/5/2,-0.00167,-0.002124,2917.52
2019/5/3,0.010903,0.009638,2945.64
2019/5/6,-0.003819,-0.004471,2932.47
2019/5/7,-0.016138,-0.016512,2884.05
2019/5/8,-0.001604,-0.001605,2879.42
2019/5/9,-0.002762,-0.003021,2870.72
2019/5/10,0.004061,0.00372,2881.4
2019/5/13,-0.02449,-0.024131,2811.87
2019/5/14,0.008972,0.008016,2834.41
2019/5/15,0.005735,0.005839,2850.96
2019/5/16,0.008466,0.008895,2876.32
2019/5/17,-0.006777,-0.005837,2859.53
2019/5/20,-0.006482,-0.006749,2840.23
2019/5/21,0.008936,0.008496,2864.36
2019/5/22,-0.003791,-0.002824,2856.27
2019/5/23,-0.012685,-0.011914,2822.24
2019/5/24,0.002769,0.001354,2826.06
2019/5/28,-0.007504,-0.008376,2802.39
2019/5/29,-0.00689,-0.006912,2783.02
2019/5/30,0.001395,0.002098,2788.86
2019/5/31,-0.011731,-0.013195,2752.06
2019/6/3,-0.002132,-0.002765,2744.45
2019/6/4,0.020888,0.021432,2803.27
2019/6/5,0.00648,0.008162,2826.15
2019/6/6,0.005135,0.006136,2843.49
2019/6/7,0.009671,0.010498,2873.34
2019/6/10,0.004786,0.00466,2886.73
2019/6/11,-0.000587,-0.00035,2885.72
2019/6/12,-0.001895,-0.002038,2879.84
2019/6/13,0.004882,0.004097,2891.64
2019/6/14,-0.002723,-0.001612,2886.98
2019/6/17,0.001583,0.000932,2889.67
2019/6/18,0.009988,0.009717,2917.75
2019/6/19,0.003742,0.002985,2926.46
2019/6/20,0.008794,0.009472,2954.18
2019/6/21,-0.00248,-0.001259,2950.46
2019/6/24,-0.002898,-0.001732,2945.35
2019/6/25,-0.008983,-0.009496,2917.38
2019/6/26,-0.00103,-0.001234,2913.78
2019/6/27,0.005851,0.003823,2924.92
2019/6/28,0.006661,0.005757,2941.76
2019/7/1,0.006666,0.007672,2964.33
2019/7/2,0.002012,0.002928,2973.01
2019/7/3,0.007696,0.007672,2995.82
2019/7/5,-0.001125,-0.001806,2990.41
2019/7/8,-0.005365,-0.004835,2975.95
2019/7/9,0.001762,0.001237,2979.63
2019/7/10,0.004054,0.004511,2993.07
2019/7/11,0.001232,0.002285,2999.91
2019/7/12,0.004673,0.00462,3013.77
2019/7/15,-0.000159,0.000176,3014.3
2019/7/16,-0.002952,-0.003404,3004.04
2019/7/17,-0.005594,-0.006531,2984.42
2019/7/18,0.003364,0.003582,2995.11
2019/7/19,-0.005612,-0.006177,2976.61
2019/7/22,0.002286,0.002829,2985.03
2019/7/23,0.00625,0.006847,3005.47
2019/7/24,0.006008,0.004688,3019.56
2019/7/25,-0.006384,-0.005262,3003.67
2019/7/26,0.007304,0.007388,3025.86
2019/7/29,-0.002677,-0.001616,3020.97
2019/7/30,-0.001279,-0.002579,3013.18
2019/7/31,-0.009979,-0.010886,2980.38
2019/8/1,-0.009219,-0.008999,2953.56
2019/8/2,-0.007805,-0.007283,2932.05
2019/8/5,-0.028423,-0.029778,2844.74
2019/8/6,0.0119,0.013017,2881.77
2019/8/7,0.001289,0.000767,2883.98
2019/8/8,0.01853,0.018762,2938.09
2019/8/9,-0.007192,-0.006617,2918.65
2019/8/12,-0.012019,-0.012184,2883.09
2019/8/13,0.013317,0.014994,2926.32
2019/8/14,-0.027826,-0.029293,2840.6
2019/8/15,0.001777,0.002464,2847.6
2019/8/16,0.014891,0.014426,2888.68
2019/8/19,0.010675,0.012106,2923.65
2019/8/20,-0.006749,-0.007915,2900.51
2019/8/21,0.007927,0.008247,2924.43
2019/8/22,-0.00101,-0.000506,2922.95
2019/8/23,-0.024254,-0.025946,2847.11
2019/8/26,0.009977,0.010983,2878.38
2019/8/27,-0.003859,-0.003203,2869.16
2019/8/28,0.006323,0.006545,2887.94
2019/8/29,0.012551,0.012687,2924.58
2019/8/30,0.000647,0.000643,2926.46
2019/9/3,-0.0072,-0.006899,2906.27
2019/9/4,0.010731,0.010842,2937.78
2019/9/5,0.012384,0.01301,2976
2019/9/6,0.00027,0.000911,2978.71
2019/9/9,0.000597,-0.000094,2978.43
2019/9/10,0.001209,0.000322,2979.39
2019/9/11,0.008121,0.00723,3000.93
2019/9/12,0.002394,0.002879,3009.57
2019/9/13,-0.000402,-0.000724,3007.39
2019/9/16,-0.001251,-0.003136,2997.96
2019/9/17,0.002169,0.002582,3005.7
2019/9/18,-0.000724,0.000343,3006.73
2019/9/19,-0.000145,0.00002,3006.79
2019/9/20,-0.004082,-0.004896,2992.07
2019/9/23,-0.000094,-0.000097,2991.78
2019/9/24,-0.009181,-0.008416,2966.6
2019/9/25,0.005652,0.006159,2984.87
2019/9/26,-0.003072,-0.002429,2977.62
2019/9/27,-0.005689,-0.005316,2961.79
2019/9/30,0.004452,0.005048,2976.74
2019/10/1,-0.012535,-0.012258,2940.25
2019/10/2,-0.016124,-0.017903,2887.61
2019/10/3,0.007636,0.007972,2910.63
2019/10/4,0.012663,0.014217,2952.01
2019/10/7,-0.003916,-0.004478,2938.79
2019/10/8,-0.015075,-0.015561,2893.06
2019/10/9,0.008366,0.009104,2919.4
2019/10/10,0.005609,0.006416,2938.13
2019/10/11,0.011399,0.010939,2970.27
2019/10/14,-0.001618,-0.001387,2966.15
2019/10/15,0.009102,0.009956,2995.68
2019/10/16,-0.001892,-0.002,2989.69
2019/10/17,0.00369,0.002763,2997.95
2019/10/18,-0.003714,-0.003919,2986.2
2019/10/21,0.006672,0.006872,3006.72
2019/10/22,-0.003284,-0.003569,2995.99
2019/10/23,0.002377,0.002847,3004.52
2019/10/24,0.002351,0.00192,3010.29
2019/10/25,0.004071,0.004073,3022.55
2019/10/28,0.005234,0.005581,3039.42
2019/10/29,-0.000574,-0.000832,3036.89
2019/10/30,0.00278,0.003253,3046.77
2019/10/31,-0.00348,-0.003023,3037.56
2019/11/1,0.010212,0.009662,3066.91
2019/11/4,0.003762,0.003704,3078.27
2019/11/5,-0.001073,-0.001186,3074.62
2019/11/6,-0.000325,0.000702,3076.78
2019/11/7,0.002842,0.00273,3085.18
2019/11/8,0.002642,0.002561,3093.08
2019/11/11,-0.001636,-0.001962,3087.01
2019/11/12,0.001141,0.001565,3091.84
2019/11/13,0.000337,0.000712,3094.04
2019/11/14,0.000987,0.000837,3096.63
2019/11/15,0.007074,0.007695,3120.46
2019/11/18,0.000148,0.000503,3122.03
2019/11/19,0.000027,-0.000593,3120.18
2019/11/20,-0.002962,-0.003756,3108.46
2019/11/21,-0.001708,-0.001583,3103.54
2019/11/22,0.00202,0.002175,3110.29
2019/11/25,0.00856,0.007507,3133.64
2019/11/26,0.002218,0.002196,3140.52
2019/11/27,0.00432,0.004174,3153.63
2019/11/29,-0.004045,-0.004011,3140.98
2019/12/2,-0.008547,-0.008631,3113.87
2019/12/3,-0.005643,-0.006638,3093.2
2019/12/4,0.00603,0.006324,3112.76
2019/12/5,0.001102,0.0015,3117.43
2019/12/6,0.008432,0.009136,3145.91
2019/12/9,-0.0027,-0.003163,3135.96
2019/12/10,-0.000696,-0.001097,3132.52
2019/12/11,0.00274,0.002908,3141.63
2019/12/12,0.007859,0.008575,3168.57
2019/12/13,0.000027,0.000073,3168.8
2019/12/16,0.007073,0.007148,3191.45
2019/12/17,0.000547,0.000335,3192.52
2019/12/18,0.000228,-0.000432,3191.14
2019/12/19,0.004192,0.004459,3205.37
2019/12/20,0.004534,0.004945,3221.22
2019/12/23,0.000956,0.000866,3224.01
2019/12/24,0.00038,-0.000195,3223.38
2019/12/26,0.004616,0.005128,3239.91
2019/12/27,-0.000643,0.000034,3240.02
2019/12/30,-0.005105,-0.005781,3221.29
2019/12/31,0.002964,0.002946,3230.78
2020/1/2,0.007412,0.008379,3257.85
2020/1/3,-0.005828,-0.00706,3234.85
2020/1/6,0.003269,0.003533,3246.28
2020/1/7,-0.002147,-0.002803,3237.18
2020/1/8,0.004028,0.004902,3253.05
2020/1/9,0.005831,0.006655,3274.7
2020/1/10,-0.002578,-0.002855,3265.35
2020/1/13,0.007077,0.006976,3288.13
2020/1/14,-0.000394,-0.001515,3283.15
2020/1/15,0.001938,0.00187,3289.29
2020/1/16,0.008389,0.008367,3316.81
2020/1/17,0.002523,0.003862,3329.62
2020/1/21,-0.003027,-0.002652,3320.79
2020/1/22,0.000376,0.000289,3321.75
2020/1/23,0.001,0.001141,3325.54
2020/1/24,-0.008836,-0.009042,3295.47
2020/1/27,-0.014872,-0.015731,3243.63
2020/1/28,0.009614,0.010054,3276.24
2020/1/29,-0.00116,-0.000867,3273.4
2020/1/30,0.00278,0.003134,3283.66
2020/1/31,-0.016642,-0.017706,3225.52
2020/2/3,0.007562,0.007255,3248.92
2020/2/4,0.014853,0.01498,3297.59
2020/2/5,0.009336,0.011251,3334.69
2020/2/6,0.002601,0.003326,3345.78
2020/2/7,-0.005527,-0.005401,3327.71
2020/2/10,0.006756,0.007326,3352.09
2020/2/11,0.003402,0.001688,3357.75
2020/2/12,0.006406,0.006463,3379.45
2020/2/13,-0.000773,-0.00163,3373.94
2020/2/14,0.00166,0.001844,3380.16
2020/2/18,-0.001944,-0.00292,3370.29
2020/2/19,0.005179,0.004706,3386.15
2020/2/20,-0.002604,-0.003816,3373.23
2020/2/21,-0.009789,-0.010518,3337.75
2020/2/24,-0.03176,-0.033514,3225.89
2020/2/25,-0.029476,-0.03028,3128.21
2020/2/26,-0.005395,-0.003779,3116.39
2020/2/27,-0.040986,-0.044163,2978.76
2020/2/28,-0.008552,-0.008238,2954.22
2020/3/2,0.040304,0.046039,3090.23
2020/3/3,-0.024635,-0.028108,3003.37
2020/3/4,0.037552,0.042203,3130.12
2020/3/5,-0.031529,-0.033922,3023.94
2020/3/6,-0.017785,-0.017054,2972.37
2020/3/9,-0.079317,-0.07597,2746.56
2020/3/10,0.044398,0.049396,2882.23
2020/3/11,-0.049958,-0.048868,2741.38
2020/3/12,-0.09684,-0.095113,2480.64
2020/3/13,0.085502,0.092871,2711.02
2020/3/16,-0.118168,-0.119841,2386.13
2020/3/17,0.053074,0.059955,2529.19
2020/3/18,-0.05961,-0.051831,2398.1
2020/3/19,0.014319,0.004708,2409.39
2020/3/20,-0.037156,-0.04336,2304.92
2020/3/23,-0.026878,-0.029294,2237.4
2020/3/24,0.091556,0.093828,2447.33
2020/3/25,0.016379,0.011535,2475.56
2020/3/26,0.057471,0.062414,2630.07
2020/3/27,-0.033038,-0.033687,2541.47
2020/3/30,0.029038,0.033516,2626.65
2020/3/31,-0.012277,-0.016013,2584.59
2020/4/1,-0.045015,-0.044142,2470.5
2020/4/2,0.019501,0.022829,2526.9
2020/4/3,-0.015754,-0.015137,2488.65
2020/4/6,0.067894,0.070331,2663.68
2020/4/7,0.000476,-0.001603,2659.41
2020/4/8,0.033821,0.034056,2749.98
2020/4/9,0.018252,0.014487,2789.82
2020/4/13,-0.010146,-0.010105,2761.63
2020/4/14,0.028171,0.030573,2846.06
2020/4/15,-0.023057,-0.02203,2783.36
2020/4/16,0.004197,0.005817,2799.55
2020/4/17,0.027687,0.026794,2874.56
2020/4/20,-0.015553,-0.017881,2823.16
2020/4/21,-0.02921,-0.030675,2736.56
2020/4/22,0.021875,0.02293,2799.31
2020/4/23,0.00125,-0.000539,2797.8
2020/4/24,0.013045,0.013918,2836.74
2020/4/27,0.017511,0.014714,2878.48
2020/4/28,-0.002298,-0.005242,2863.39
2020/4/29,0.028865,0.026584,2939.51
2020/4/30,-0.013076,-0.009212,2912.43
2020/5/1,-0.028041,-0.028059,2830.71
2020/5/4,0.00481,0.00425,2842.74
2020/5/5,0.008738,0.009041,2868.44
2020/5/6,-0.005853,-0.006979,2848.42
2020/5/7,0.013322,0.011505,2881.19
2020/5/8,0.018605,0.016872,2929.8
2020/5/11,-0.000441,0.000177,2930.32
2020/5/12,-0.02037,-0.020544,2870.12
2020/5/13,-0.019027,-0.017463,2820
2020/5/14,0.010302,0.011525,2852.5
2020/5/15,0.005234,0.003926,2863.7
2020/5/18,0.033368,0.031501,2953.91
2020/5/19,-0.009706,-0.010484,2922.94
2020/5/20,0.017387,0.016651,2971.61
2020/5/21,-0.006646,-0.007774,2948.51
2020/5/22,0.002656,0.002354,2955.45
2020/5/26,0.014186,0.012289,2991.77
2020/5/27,0.014962,0.014827,3036.13
2020/5/28,-0.003516,-0.002108,3029.73
2020/5/29,0.004678,0.004812,3044.31
2020/6/1,0.006645,0.003751,3055.73
2020/6/2,0.008413,0.008211,3080.82
2020/6/3,0.014862,0.013649,3122.87
2020/6/4,-0.003038,-0.003369,3112.35
2020/6/5,0.025002,0.026212,3193.93
2020/6/8,0.014235,0.012042,3232.39
2020/6/9,-0.009508,-0.007799,3207.18
2020/6/10,-0.006659,-0.005313,3190.14
2020/6/11,-0.058203,-0.058944,3002.1
2020/6/12,0.014074,0.013061,3041.31
2020/6/15,0.010691,0.008312,3066.59
2020/6/16,0.017647,0.018962,3124.74
2020/6/17,-0.004129,-0.0036,3113.49
2020/6/18,0.001198,0.000594,3115.34
2020/6/19,-0.004599,-0.005649,3097.74
2020/6/22,0.006682,0.006495,3117.86
2020/6/23,0.003905,0.004307,3131.29
2020/6/24,-0.025737,-0.025855,3050.33
2020/6/25,0.01126,0.010959,3083.76
2020/6/26,-0.022878,-0.024227,3009.05
2020/6/29,0.014497,0.014686,3053.24
2020/6/30,0.014671,0.01541,3100.29
2020/7/1,0.004033,0.005022,3115.86
2020/7/2,0.00502,0.004541,3130.01
2020/7/6,0.014884,0.015882,3179.72
2020/7/7,-0.010264,-0.010819,3145.32
2020/7/8,0.008437,0.007827,3169.94
2020/7/9,-0.005703,-0.005644,3152.05
2020/7/10,0.010386,0.010466,3185.04
2020/7/13,-0.011212,-0.009363,3155.22
2020/7/14,0.01329,0.013406,3197.52
2020/7/15,0.0118,0.009082,3226.56
2020/7/16,-0.004003,-0.003406,3215.57
2020/7/17,0.003636,0.002849,3224.73
2020/7/20,0.008567,0.008407,3251.84
2020/7/21,0.002298,0.001679,3257.3
2020/7/22,0.005138,0.005747,3276.02
2020/7/23,-0.010909,-0.01232,3235.66
2020/7/24,-0.006986,-0.00619,3215.63
2020/7/27,0.00901,0.007395,3239.41
2020/7/28,-0.006926,-0.006473,3218.44
2020/7/29,0.013428,0.012428,3258.44
2020/7/30,-0.003768,-0.00375,3246.22
2020/7/31,0.004524,0.007671,3271.12
2020/8/3,0.008692,0.007181,3294.61
2020/8/4,0.004528,0.003612,3306.51
2020/8/5,0.007526,0.00643,3327.77
2020/8/6,0.004654,0.006428,3349.16
2020/8/7,0.000244,0.000633,3351.28
2020/8/10,0.002652,0.002742,3360.47
2020/8/11,-0.007931,-0.007969,3333.69
2020/8/12,0.012994,0.013997,3380.35
2020/8/13,-0.000593,-0.002047,3373.43
2020/8/14,-0.000669,-0.000172,3372.85
2020/8/17,0.005019,0.00271,3381.99
2020/8/18,0.001404,0.002303,3389.78
2020/8/19,-0.004378,-0.004404,3374.85
2020/8/20,0.002805,0.003159,3385.51
2020/8/21,0.001599,0.003441,3397.16
2020/8/24,0.00891,0.010044,3431.28
2020/8/25,0.003408,0.003596,3443.62
2020/8/26,0.008729,0.010196,3478.73
2020/8/27,0.001686,0.001673,3484.55
2020/8/28,0.006925,0.006733,3508.01
2020/8/31,-0.00156,-0.002195,3500.31
2020/9/1,0.00849,0.007525,3526.65
2020/9/2,0.012121,0.015366,3580.84
2020/9/3,-0.033999,-0.035126,3455.06
2020/9/4,-0.008065,-0.008133,3426.96
2020/9/8,-0.0268,-0.027756,3331.84
2020/9/9,0.019843,0.020145,3398.96
2020/9/10,-0.015557,-0.017585,3339.19
2020/9/11,-0.000188,0.000533,3340.97
2020/9/14,0.015413,0.012742,3383.54
2020/9/15,0.005411,0.005219,3401.2
2020/9/16,-0.003147,-0.004619,3385.49
2020/9/17,-0.007869,-0.008412,3357.01
2020/9/18,-0.008825,-0.011183,3319.47
2020/9/21,-0.012511,-0.011571,3281.06
2020/9/22,0.009333,0.010518,3315.57
2020/9/23,-0.024029,-0.023721,3236.92
2020/9/24,0.002036,0.002987,3246.59
2020/9/25,0.015674,0.015977,3298.46
2020/9/28,0.016584,0.016111,3351.6
2020/9/29,-0.004001,-0.004813,3335.47
2020/9/30,0.006881,0.008254,3363
2020/10/1,0.007865,0.005293,3380.8
2020/10/2,-0.007735,-0.009572,3348.44
2020/10/5,0.018302,0.017976,3408.63
2020/10/6,-0.01191,-0.013988,3360.95
2020/10/7,0.017039,0.017406,3419.45
2020/10/8,0.008516,0.008007,3446.83
2020/10/9,0.00855,0.008791,3477.13
2020/10/12,0.013469,0.016419,3534.22
2020/10/13,-0.004951,-0.006307,3511.93
2020/10/14,-0.006017,-0.006623,3488.67
2020/10/15,-0.000777,-0.001528,3483.34
2020/10/16,-0.000707,0.000135,3483.81
2020/10/19,-0.014167,-0.01633,3426.92
2020/10/20,0.003821,0.004727,3443.12
2020/10/21,-0.00344,-0.002196,3435.56
2020/10/22,0.00613,0.005219,3453.49
2020/10/23,0.003817,0.003446,3465.39
2020/10/26,-0.018085,-0.01859,3400.97
2020/10/27,-0.003025,-0.003026,3390.68
2020/10/28,-0.032808,-0.035288,3271.03
2020/10/29,0.010473,0.011947,3310.11
2020/10/30,-0.013112,-0.01213,3269.96
2020/11/2,0.012086,0.012318,3310.24
2020/11/3,0.018824,0.017799,3369.16
2020/11/4,0.019588,0.022047,3443.44
2020/11/5,0.021074,0.01946,3510.45
2020/11/6,-0.000045,-0.000288,3509.44
2020/11/9,0.010634,0.0117,3550.5
2020/11/10,-0.000557,-0.0014,3545.53
2020/11/11,0.008042,0.007652,3572.66
2020/11/12,-0.009669,-0.009979,3537.01
2020/11/13,0.013293,0.01361,3585.15
2020/11/16,0.012334,0.011648,3626.91
2020/11/17,-0.001528,-0.004792,3609.53
2020/11/18,-0.009049,-0.011564,3567.79
2020/11/19,0.005837,0.003946,3581.87
2020/11/20,-0.004295,-0.006793,3557.54
2020/11/23,0.007981,0.005636,3577.59
2020/11/24,0.015105,0.016162,3635.41
2020/11/25,0.000178,-0.001584,3629.65
2020/11/27,0.003998,0.002397,3638.35
2020/11/30,-0.005743,-0.004596,3621.63
2020/12/1,0.009645,0.011271,3662.45
2020/12/2,0.001192,0.001791,3669.01
2020/12/3,0.002272,-0.000624,3666.72
2020/12/4,0.010477,0.008836,3699.12
2020/12/7,-0.00022,-0.001936,3691.96
2020/12/8,0.004283,0.002787,3702.25
2020/12/9,-0.009558,-0.007949,3672.82
2020/12/10,0.00264,-0.001285,3668.1
2020/12/11,-0.002252,-0.001265,3663.46
2020/12/14,-0.003267,-0.004359,3647.49
2020/12/15,0.013083,0.012921,3694.62
2020/12/16,0.001387,0.001773,3701.17
2020/12/17,0.007947,0.005758,3722.48
2020/12/18,-0.002101,-0.003511,3709.41
2020/12/21,-0.002928,-0.003906,3694.92
2020/12/22,0.000602,-0.002073,3687.26
2020/12/23,0.001445,0.000746,3690.01
2020/12/24,0.00233,0.003537,3703.06
2020/12/28,0.003847,0.008723,3735.36
2020/12/29,-0.003652,-0.002227,3727.04
2020/12/30,0.003291,0.001342,3732.04
2020/12/31,0.003558,0.006439,3756.07
2021/1/4,-0.013064,-0.014755,3700.65
2021/1/5,0.009014,0.007083,3726.86
2021/1/6,0.008037,0.00571,3748.14
2021/1/7,0.016263,0.014847,3803.79
2021/1/8,0.004688,0.005492,3824.68
2021/1/11,-0.005645,-0.006555,3799.61
2021/1/12,0.004197,0.000416,3801.19
2021/1/13,0.000912,0.002276,3809.84
2021/1/14,-0.000047,-0.003753,3795.54
2021/1/15,-0.008542,-0.00719,3768.25
2021/1/19,0.008537,0.008136,3798.91
2021/1/20,0.012048,0.013936,3851.85
2021/1/21,-0.000935,0.000317,3853.07
2021/1/22,-0.001461,-0.003011,3841.47
2021/1/25,0.002429,0.003616,3855.36
2021/1/26,-0.002925,-0.001489,3849.62
2021/1/27,-0.024763,-0.025678,3750.77
2021/1/28,0.009276,0.009761,3787.38
2021/1/29,-0.017643,-0.019311,3714.24
2021/2/1,0.017251,0.016052,3773.86
2021/2/2,0.014014,0.013898,3826.31
2021/2/3,0.001354,0.001009,3830.17
2021/2/4,0.011293,0.010853,3871.74
2021/2/5,0.006078,0.003897,3886.83
2021/2/8,0.009781,0.007399,3915.59
2021/2/9,0.000958,-0.001114,3911.23
2021/2/10,-0.000306,-0.000345,3909.88
2021/2/11,0.001885,0.001662,3916.38
2021/2/12,0.004671,0.004711,3934.83
2021/2/16,-0.001123,-0.000569,3932.59
2021/2/17,-0.002344,-0.00032,3931.33
2021/2/18,-0.006585,-0.004416,3913.97
2021/2/19,0.002724,-0.001855,3906.71
2021/2/22,-0.009646,-0.007733,3876.5
2021/2/23,-0.001282,0.001256,3881.37
2021/2/24,0.011298,0.011352,3925.43
2021/2/25,-0.026609,-0.024479,3829.34
2021/2/26,-0.003846,-0.00475,3811.15
2021/3/1,0.024765,0.023791,3901.82
2021/3/2,-0.009017,-0.008081,3870.29
2021/3/3,-0.014661,-0.013066,3819.72
2021/3/4,-0.01669,-0.013417,3768.47
2021/3/5,0.017372,0.019496,3841.94
2021/3/8,-0.005877,-0.005359,3821.35
2021/3/9,0.016852,0.014155,3875.44
2021/3/10,0.006778,0.00603,3898.81
2021/3/11,0.01417,0.010395,3939.34
2021/3/12,0.001509,0.001015,3943.34
2021/3/15,0.007061,0.006492,3968.94
2021/3/16,-0.004282,-0.00157,3962.71
2021/3/17,0.00357,0.002879,3974.12
2021/3/18,-0.017954,-0.014761,3915.46
2021/3/19,0.001804,-0.000603,3913.1
2021/3/22,0.004791,0.007025,3940.59
2021/3/23,-0.011993,-0.007631,3910.52
2021/3/24,-0.00909,-0.005467,3889.14
2021/3/25,0.006556,0.00524,3909.52
2021/3/26,0.015363,0.016631,3974.54
2021/3/29,-0.00526,-0.000868,3971.09
2021/3/30,0.000023,-0.003158,3958.55
2021/3/31,0.005605,0.003622,3972.89
2021/4/1,0.012802,0.011825,4019.87
2021/4/5,0.011451,0.014438,4077.91
2021/4/6,0.000329,-0.000974,4073.94
2021/4/7,-0.001475,0.001475,4079.95
2021/4/8,0.005892,0.004221,4097.17
2021/4/9,0.005508,0.00772,4128.8
2021/4/12,-0.000689,-0.000196,4127.99
2021/4/13,0.003958,0.003294,4141.59
2021/4/14,-0.002872,-0.004088,4124.66
2021/4/15,0.01005,0.011094,4170.42
2021/4/16,0.002625,0.003609,4185.47
2021/4/19,-0.006927,-0.005307,4163.26
2021/4/20,-0.00908,-0.006802,4134.94
2021/4/21,0.01128,0.009306,4173.42
2021/4/22,-0.007251,-0.009211,4134.98
2021/4/23,0.012026,0.010929,4180.17
2021/4/26,0.004392,0.001782,4187.62
2021/4/27,-0.000236,-0.000215,4186.72
2021/4/28,0.000142,-0.000846,4183.18
2021/4/29,0.003534,0.006763,4211.47
2021/4/30,-0.008008,-0.007195,4181.17
2021/5/3,0.002051,0.002748,4192.66
2021/5/4,-0.008437,-0.006678,4164.66
2021/5/5,-0.00005,0.000703,4167.59
2021/5/6,0.004793,0.008165,4201.62
2021/5/7,0.008673,0.007373,4232.6
2021/5/10,-0.012279,-0.010436,4188.43
2021/5/11,-0.006579,-0.008674,4152.1
2021/5/12,-0.022536,-0.021449,4063.04
2021/5/13,0.009761,0.012173,4112.5
2021/5/14,0.017586,0.014918,4173.85
2021/5/17,-0.001356,-0.00253,4163.29
2021/5/18,-0.005975,-0.008517,4127.83
2021/5/19,-0.003798,-0.002943,4115.68
2021/5/20,0.011154,0.010555,4159.12
2021/5/21,-0.000303,-0.000784,4155.86
2021/5/24,0.009375,0.009911,4197.05
2021/5/25,-0.002731,-0.002125,4188.13
2021/5/26,0.004533,0.001877,4195.99
2021/5/27,0.002905,0.001165,4200.88
2021/5/28,0.001006,0.000769,4204.11
2021/6/1,0.001667,-0.000492,4202.04
2021/6/2,0.001731,0.001447,4208.12
2021/6/3,-0.005216,-0.003629,4192.85
2021/6/4,0.008419,0.008834,4229.89
2021/6/7,0.001642,-0.000797,4226.52
2021/6/8,0.001769,0.000175,4227.26
2021/6/9,-0.00288,-0.001824,4219.55
2021/6/10,0.004027,0.004652,4239.18
2021/6/11,0.003115,0.001948,4247.44
2021/6/14,0.001325,0.001815,4255.15
2021/6/15,-0.002962,-0.002012,4246.59
2021/6/16,-0.004693,-0.00539,4223.7
2021/6/17,-0.001405,-0.000436,4221.86
2021/6/18,-0.012535,-0.013124,4166.45
2021/6/21,0.013561,0.014002,4224.79
2021/6/22,0.004926,0.005124,4246.44
2021/6/23,-0.000137,-0.001083,4241.84
2021/6/24,0.006528,0.005811,4266.49
2021/6/25,0.003216,0.003331,4280.7
2021/6/28,0.001063,0.002315,4290.61
2021/6/29,-0.00004,0.000277,4291.8
2021/6/30,0.00036,0.001328,4297.5
2021/7/1,0.0042,0.005222,4319.94
2021/7/2,0.005001,0.0075,4352.34
2021/7/6,-0.00301,-0.002022,4343.54
2021/7/7,0.0011,0.003359,4358.13
2021/7/8,-0.009006,-0.008561,4320.82
2021/7/9,0.012887,0.011278,4369.55
2021/7/12,0.002173,0.003451,4384.63
2021/7/13,-0.005943,-0.003517,4369.21
2021/7/14,-0.002375,0.001165,4374.3
2021/7/15,-0.003905,-0.003262,4360.03
2021/7/16,-0.007607,-0.007539,4327.16
2021/7/19,-0.014629,-0.01587,4258.49
2021/7/20,0.016902,0.015163,4323.06
2021/7/21,0.009672,0.008242,4358.69
2021/7/22,0.000284,0.002017,4367.48
2021/7/23,0.008915,0.010145,4411.79
2021/7/26,0.001649,0.002382,4422.3
2021/7/27,-0.005939,-0.004712,4401.46
2021/7/28,0.002969,-0.000186,4400.64
2021/7/29,0.004547,0.004206,4419.15
2021/7/30,-0.005629,-0.005406,4395.26
2021/8/2,-0.00135,-0.001843,4387.16
2021/8/3,0.006796,0.008203,4423.15
2021/8/4,-0.003965,-0.004632,4402.66
2021/8/5,0.007173,0.006005,4429.1
2021/8/6,0.000825,0.001675,4436.52
2021/8/9,-0.000405,-0.00094,4432.35
2021/8/10,0.000668,0.000993,4436.75
2021/8/11,0.002429,0.002468,4447.7
2021/8/12,0.001978,0.002952,4460.83
2021/8/13,0.00028,0.001607,4468
2021/8/16,-0.000843,0.002621,4479.71
2021/8/17,-0.007821,-0.007061,4448.08
2021/8/18,-0.008858,-0.010748,4400.27
2021/8/19,-0.002259,0.001257,4405.8
2021/8/20,0.008679,0.008142,4441.67
2021/8/23,0.010518,0.008524,4479.53
2021/8/24,0.004232,0.001496,4486.23
2021/8/25,0.002593,0.00222,4496.19
2021/8/26,-0.006469,-0.005825,4470
2021/8/27,0.010965,0.008808,4509.37
2021/8/30,0.003027,0.004307,4528.79
2021/8/31,-0.001063,-0.001349,4522.68
2021/9/1,0.001985,0.000312,4524.09
2021/9/2,0.004125,0.002843,4536.95
2021/9/3,-0.000078,-0.000335,4535.43
2021/9/7,-0.004163,-0.003396,4520.03
2021/9/8,-0.003491,-0.001319,4514.07
2021/9/9,-0.002862,-0.004606,4493.28
2021/9/10,-0.007309,-0.007723,4458.58
2021/9/13,0.001957,0.002276,4468.73
2021/9/14,-0.006226,-0.005747,4443.05
2021/9/15,0.008518,0.008474,4480.7
2021/9/16,-0.000877,-0.001551,4473.75
2021/9/17,-0.007397,-0.009111,4432.99
2021/9/20,-0.018222,-0.016977,4357.73
2021/9/21,0.000856,-0.000812,4354.19
2021/9/22,0.009965,0.00952,4395.64
2021/9/23,0.01206,0.012135,4448.98
2021/9/24,-0.000111,0.001461,4455.48
2021/9/27,-0.00098,-0.002776,4443.11
2021/9/28,-0.020769,-0.020364,4352.63
2021/9/29,-0.000069,0.001569,4359.46
2021/9/30,-0.0095,-0.01191,4307.54
2021/10/1,0.010643,0.011491,4357.04
2021/10/4,-0.012878,-0.012986,4300.46
2021/10/5,0.009502,0.010525,4345.72
2021/10/6,0.002818,0.004103,4363.55
2021/10/7,0.009925,0.008298,4399.76
2021/10/8,-0.00252,-0.001914,4391.34
2021/10/11,-0.006344,-0.006866,4361.19
2021/10/12,0.000236,-0.002417,4350.65
2021/10/13,0.004802,0.003023,4363.8
2021/10/14,0.015964,0.017063,4438.26
2021/10/15,0.005721,0.00746,4471.37
2021/10/18,0.003275,0.003375,4486.46
2021/10/19,0.006813,0.007393,4519.63
2021/10/20,0.003892,0.003664,4536.19
2021/10/21,0.002944,0.002996,4549.78
2021/10/22,-0.0017,-0.001073,4544.9
2021/10/25,0.005483,0.004748,4566.48
2021/10/26,-0.000059,0.00182,4574.79
2021/10/27,-0.007541,-0.005052,4551.68
2021/10/28,0.011248,0.009829,4596.42
2021/10/29,0.000973,0.001949,4605.38
2021/11/1,0.005685,0.0018,4613.67
2021/11/2,0.002035,0.00368,4630.65
2021/11/3,0.007317,0.006461,4660.57
2021/11/4,0.002951,0.004182,4680.06
2021/11/5,0.004007,0.003733,4697.53
2021/11/8,0.001985,0.000888,4701.7
2021/11/9,-0.002888,-0.003499,4685.25
2021/11/10,-0.010458,-0.008226,4646.71
2021/11/11,0.002449,0.000551,4649.27
2021/11/12,0.007136,0.007223,4682.85
2021/11/15,-0.000328,-0.000011,4682.8
2021/11/16,0.004036,0.003865,4700.9
2021/11/17,-0.004441,-0.002602,4688.67
2021/11/18,0.000267,0.003385,4704.54
2021/11/19,-0.002866,-0.001399,4697.96
2021/11/22,-0.00622,-0.003197,4682.94
2021/11/23,-0.000289,0.001657,4690.7
2021/11/24,0.003215,0.002294,4701.46
2021/11/26,-0.022333,-0.022725,4594.62
2021/11/29,0.010084,0.0132,4655.27
2021/11/30,-0.01913,-0.018961,4567
2021/12/1,-0.01512,-0.011815,4513.04
2021/12/2,0.015404,0.014194,4577.1
2021/12/3,-0.011375,-0.008449,4538.43
2021/12/6,0.011801,0.011731,4591.67
2021/12/7,0.021576,0.020707,4686.75
2021/12/8,0.004299,0.003085,4701.21
2021/12/9,-0.010779,-0.007181,4667.45
2021/12/10,0.006154,0.009549,4712.02
2021/12/13,-0.009868,-0.009136,4668.97
2021/12/14,-0.007689,-0.007471,4634.09
2021/12/15,0.015057,0.016348,4709.85
2021/12/16,-0.010042,-0.008743,4668.67
2021/12/17,-0.006259,-0.010288,4620.64
2021/12/20,-0.01232,-0.011388,4568.02
2021/12/21,0.019936,0.017778,4649.23
2021/12/22,0.009573,0.01018,4696.56
2021/12/23,0.006854,0.006224,4725.79
2021/12/27,0.012046,0.013839,4791.19
2021/12/28,-0.002438,-0.00101,4786.35
2021/12/29,0.000553,0.001402,4793.06
2021/12/30,-0.000979,-0.00299,4778.73
2021/12/31,-0.002389,-0.002626,4766.18
2022/1/3,0.006155,0.006374,4796.56
2022/1/4,-0.002351,-0.00063,4793.54
2022/1/5,-0.021879,-0.019393,4700.58
2022/1/6,0.000161,-0.000964,4696.05
2022/1/7,-0.004164,-0.00405,4677.03
2022/1/10,-0.001893,-0.001441,4670.29
2022/1/11,0.010905,0.00916,4713.07
2022/1/12,0.001817,0.002818,4726.35
2022/1/13,-0.014356,-0.014244,4659.03
2022/1/14,0.000164,0.00082,4662.85
2022/1/18,-0.019346,-0.018388,4577.11
2022/1/19,-0.009368,-0.00969,4532.76
2022/1/20,-0.010991,-0.011037,4482.73
2022/1/21,-0.019931,-0.018915,4397.94
2022/1/24,0.004196,0.002772,4410.13
2022/1/25,-0.01244,-0.012172,4356.45
2022/1/26,-0.003579,-0.001497,4349.93
2022/1/27,-0.008106,-0.005384,4326.51
2022/1/28,0.022473,0.024348,4431.85
2022/1/31,0.022431,0.018886,4515.55
2022/2/1,0.008548,0.006863,4546.54
2022/2/2,0.004746,0.009423,4589.38
2022/2/3,-0.023331,-0.024391,4477.44
2022/2/4,0.007243,0.005157,4500.53
2022/2/7,-0.001807,-0.003702,4483.87
2022/2/8,0.009148,0.008401,4521.54
2022/2/9,0.016251,0.014517,4587.18
2022/2/10,-0.016293,-0.018116,4504.08
2022/2/11,-0.017672,-0.018969,4418.64
2022/2/14,-0.004128,-0.003841,4401.67
2022/2/15,0.017622,0.015767,4471.07
2022/2/16,0.000308,0.000881,4475.01
2022/2/17,-0.021239,-0.021173,4380.26
2022/2/18,-0.008297,-0.007166,4348.87
2022/2/22,-0.011235,-0.010143,4304.76
2022/2/23,-0.018075,-0.018412,4225.5
2022/2/24,0.016083,0.014957,4288.7
2022/2/25,0.022121,0.022373,4384.65
2022/2/28,-0.000365,-0.002443,4373.94
2022/3/1,-0.015027,-0.015474,4306.26
2022/3/2,0.017773,0.018643,4386.54
2022/3/3,-0.008077,-0.005255,4363.49
2022/3/4,-0.010171,-0.007934,4328.87
2022/3/7,-0.029143,-0.029518,4201.09
2022/3/8,-0.004392,-0.007234,4170.7
2022/3/9,0.026287,0.025698,4277.88
2022/3/10,-0.004184,-0.004292,4259.52
2022/3/11,-0.013741,-0.012962,4204.31
2022/3/14,-0.010539,-0.007421,4173.11
2022/3/15,0.019118,0.021409,4262.45
2022/3/16,0.025416,0.022384,4357.86
2022/3/17,0.013941,0.012348,4411.67
2022/3/18,0.012298,0.011662,4463.12
2022/3/21,-0.00173,-0.000435,4461.18
2022/3/22,0.01177,0.011304,4511.61
2022/3/23,-0.011877,-0.012273,4456.24
2022/3/24,0.013111,0.014344,4520.16
2022/3/25,0.003084,0.005066,4543.06
2022/3/28,0.006122,0.007145,4575.52
2022/3/29,0.014708,0.012257,4631.6
2022/3/30,-0.007642,-0.006294,4602.45
2022/3/31,-0.014539,-0.015653,4530.41
2022/4/1,0.004477,0.00341,4545.86
2022/4/4,0.008315,0.008091,4582.64
2022/4/5,-0.014787,-0.012552,4525.12
2022/4/6,-0.011276,-0.009717,4481.15
2022/4/7,0.00248,0.004253,4500.21
2022/4/8,-0.003214,-0.002651,4488.28
2022/4/11,-0.014385,-0.016877,4412.53
2022/4/12,-0.002728,-0.003417,4397.45
2022/4/13,0.013356,0.011175,4446.59
2022/4/14,-0.011685,-0.012144,4392.59
2022/4/18,-0.002124,-0.000205,4391.69
2022/4/19,0.016324,0.016058,4462.21
2022/4/20,-0.000861,-0.000618,4459.45
2022/4/21,-0.016871,-0.014753,4393.66
2022/4/22,-0.026382,-0.02774,4271.78
2022/4/25,0.005326,0.005698,4296.12
2022/4/26,-0.028338,-0.028146,4175.2
2022/4/27,0.001297,0.002098,4183.96
2022/4/28,0.022979,0.024747,4287.5
2022/4/29,-0.033543,-0.036285,4131.93
2022/5/2,0.005966,0.005675,4155.38
2022/5/3,0.005109,0.004837,4175.48
2022/5/4,0.027983,0.029862,4300.17
2022/5/5,-0.036281,-0.03565,4146.87
2022/5/6,-0.008396,-0.005674,4123.34
2022/5/9,-0.035487,-0.032037,3991.24
2022/5/10,0.001277,0.002458,4001.05
2022/5/11,-0.017115,-0.016463,3935.18
2022/5/12,0.00147,-0.001296,3930.08
2022/5/13,0.026999,0.02387,4023.89
2022/5/16,-0.004679,-0.003946,4008.01
2022/5/17,0.020557,0.02017,4088.85
2022/5/18,-0.037661,-0.040395,3923.68
2022/5/19,-0.002115,-0.005834,3900.79
2022/5/20,-0.000026,0.000146,3901.36
2022/5/23,0.016398,0.018555,3973.75
2022/5/24,-0.010605,-0.008121,3941.48
2022/5/25,0.011199,0.009451,3978.73
2022/5/26,0.019776,0.019883,4057.84
2022/5/27,0.024482,0.024742,4158.24
2022/5/31,-0.006957,-0.006274,4132.15
2022/6/1,-0.006968,-0.007483,4101.23
2022/6/2,0.020266,0.018431,4176.82
2022/6/3,-0.01536,-0.016347,4108.54
2022/6/6,0.002954,0.003137,4121.43
2022/6/7,0.009806,0.009523,4160.68
2022/6/8,-0.010409,-0.010794,4115.77
2022/6/9,-0.02358,-0.023799,4017.82
2022/6/10,-0.028242,-0.02911,3900.86
2022/6/13,-0.040683,-0.038768,3749.63
2022/6/14,-0.003455,-0.003774,3735.48
2022/6/15,0.014988,0.014593,3789.99
2022/6/16,-0.034246,-0.032512,3666.77
2022/6/17,0.004,0.002201,3674.84
2022/6/21,0.022508,0.024477,3764.79
2022/6/22,-0.002209,-0.001302,3759.89
2022/6/23,0.009173,0.009532,3795.73
2022/6/24,0.029803,0.030563,3911.74
2022/6/27,-0.002129,-0.002973,3900.11
2022/6/28,-0.018708,-0.020143,3821.55
2022/6/29,-0.002681,-0.000712,3818.83
2022/6/30,-0.008945,-0.008759,3785.38
2022/7/1,0.011007,0.010554,3825.33
2022/7/5,0.002031,0.001584,3831.39
2022/7/6,0.000678,0.003573,3845.08
2022/7/7,0.016903,0.014965,3902.62
2022/7/8,-0.000824,-0.00083,3899.38
2022/7/11,-0.013163,-0.011527,3854.43
2022/7/12,-0.008058,-0.009244,3818.8
2022/7/13,-0.003428,-0.004457,3801.78
2022/7/14,-0.005548,-0.002999,3790.38
2022/7/15,0.018546,0.019201,3863.16
2022/7/18,-0.005552,-0.008364,3830.85
2022/7/19,0.027381,0.027628,3936.69
2022/7/20,0.007873,0.005896,3959.9
2022/7/21,0.009349,0.009861,3998.95
2022/7/22,-0.010469,-0.009332,3961.63
2022/7/25,0.001988,0.001315,3966.84
2022/7/26,-0.01184,-0.011543,3921.05
2022/7/27,0.025315,0.026156,4023.61
2022/7/28,0.012436,0.012133,4072.43
2022/7/29,0.013414,0.014208,4130.29
2022/8/1,-0.002154,-0.002823,4118.63
2022/8/2,-0.005244,-0.006662,4091.19
2022/8/3,0.014969,0.015638,4155.17
2022/8/4,-0.000469,-0.000777,4151.94
2022/8/5,-0.000378,-0.001626,4145.19
2022/8/8,0.001213,-0.001238,4140.06
2022/8/9,-0.006349,-0.004249,4122.47
2022/8/10,0.022615,0.021291,4210.24
2022/8/11,-0.000224,-0.000705,4207.27
2022/8/12,0.016856,0.017322,4280.15
2022/8/15,0.002804,0.00397,4297.14
2022/8/16,0.001907,0.001876,4305.2
2022/8/17,-0.00919,-0.007238,4274.04
2022/8/18,0.002709,0.00227,4283.74
2022/8/19,-0.01464,-0.0129,4228.48
2022/8/22,-0.020291,-0.0214,4137.99
2022/8/23,-0.000707,-0.002238,4128.73
2022/8/24,0.003947,0.002916,4140.77
2022/8/25,0.014208,0.014092,4199.12
2022/8/26,-0.031867,-0.033688,4057.66
2022/8/29,-0.006512,-0.006666,4030.61
2022/8/30,-0.011447,-0.011028,3986.16
2022/8/31,-0.007189,-0.007817,3955
2022/9/1,-0.001093,0.002996,3966.85
2022/9/2,-0.008552,-0.010737,3924.26
2022/9/6,-0.004937,-0.004095,3908.19
2022/9/7,0.018279,0.018341,3979.87
2022/9/8,0.007387,0.006611,4006.18
2022/9/9,0.016682,0.015271,4067.36
2022/9/12,0.010793,0.010584,4110.41
2022/9/13,-0.04055,-0.043237,3932.69
2022/9/14,0.003995,0.003387,3946.01
2022/9/15,-0.010278,-0.011318,3901.35
2022/9/16,-0.009523,-0.007182,3873.33
2022/9/19,0.006945,0.006857,3899.89
2022/9/20,-0.012176,-0.011272,3855.93
2022/9/21,-0.015952,-0.017116,3789.93
2022/9/22,-0.011461,-0.008428,3757.99
2022/9/23,-0.019087,-0.017233,3693.23
2022/9/26,-0.011469,-0.010341,3655.04
2022/9/27,-0.00073,-0.00212,3647.29
2022/9/28,0.021612,0.019672,3719.04
2022/9/29,-0.020934,-0.021126,3640.47
2022/9/30,-0.012297,-0.015067,3585.62
2022/10/3,0.025437,0.025884,3678.43
2022/10/4,0.032369,0.030584,3790.93
2022/10/5,-0.003162,-0.002018,3783.28
2022/10/6,-0.009342,-0.010245,3744.52
2022/10/7,-0.027375,-0.028004,3639.66
2022/10/10,-0.008193,-0.007492,3612.39
2022/10/11,-0.006415,-0.006519,3588.84
2022/10/12,-0.002909,-0.003291,3577.03
2022/10/13,0.02343,0.025966,3669.91
2022/10/14,-0.02371,-0.023663,3583.07
2022/10/17,0.026731,0.02648,3677.95
2022/10/18,0.011592,0.011428,3719.98
2022/10/19,-0.008946,-0.006672,3695.16
2022/10/20,-0.007498,-0.007951,3665.78
2022/10/21,0.022119,0.023725,3752.75
2022/10/24,0.0087,0.011882,3797.34
2022/10/25,0.01829,0.016267,3859.11
2022/10/26,-0.004575,-0.007388,3830.6
2022/10/27,-0.004139,-0.006083,3807.3
2022/10/28,0.021281,0.024626,3901.06
2022/10/31,-0.005972,-0.007454,3871.98
2022/11/1,-0.002194,-0.004101,3856.1
2022/11/2,-0.025073,-0.025002,3759.69
2022/11/3,-0.008895,-0.010586,3719.89
2022/11/4,0.013226,0.013619,3770.55
2022/11/7,0.008101,0.009614,3806.8
2022/11/8,0.005273,0.005598,3828.11
2022/11/9,-0.021136,-0.020778,3748.57
2022/11/10,0.055288,0.055434,3956.37
2022/11/11,0.010538,0.009241,3992.93
2022/11/14,-0.009507,-0.008936,3957.25
2022/11/15,0.010174,0.008713,3991.73
2022/11/16,-0.009704,-0.008252,3958.79
2022/11/17,-0.004122,-0.003089,3946.56
2022/11/18,0.004185,0.004759,3965.34
2022/11/21,-0.004588,-0.003884,3949.94
2022/11/22,0.013241,0.01358,4003.58
2022/11/23,0.005918,0.005915,4027.26
2022/11/25,0.000406,-0.000283,4026.12
2022/11/28,-0.015647,-0.015444,3963.94
2022/11/29,-0.000744,-0.001592,3957.63
2022/11/30,0.029413,0.030948,4080.11
2022/12/1,0.000229,-0.000868,4076.57
2022/12/2,-0.000581,-0.001195,4071.7
2022/12/5,-0.019456,-0.017894,3998.84
2022/12/6,-0.014051,-0.014399,3941.26
2022/12/7,-0.001929,-0.001862,3933.92
2022/12/8,0.007368,0.007522,3963.51
2022/12/9,-0.007468,-0.00735,3934.38
2022/12/12,0.013023,0.014279,3990.56
2022/12/13,0.007299,0.00729,4019.65
2022/12/14,-0.005473,-0.006053,3995.32
2022/12/15,-0.024078,-0.024922,3895.75
2022/12/16,-0.010349,-0.011138,3852.36
2022/12/19,-0.009614,-0.009008,3817.66
2022/12/20,0.001879,0.001037,3821.62
2022/12/21,0.014642,0.014868,3878.44
2022/12/22,-0.014002,-0.014452,3822.39
2022/12/23,0.005465,0.005868,3844.82
2022/12/27,-0.00393,-0.00405,3829.25
2022/12/28,-0.012364,-0.012021,3783.22
2022/12/29,0.018339,0.017461,3849.28
2022/12/30,-0.002451,-0.002541,3839.5
2023/1/3,-0.003934,-0.004001,3824.14
2023/1/4,0.009553,0.007539,3852.97
2023/1/5,-0.01097,-0.011646,3808.1
2023/1/6,0.022257,0.022841,3895.08
2023/1/9,0.001059,-0.000768,3892.09
2023/1/10,0.007317,0.006978,3919.25
2023/1/11,0.012571,0.012849,3969.61
2023/1/12,0.005718,0.003416,3983.17
2023/1/13,0.004322,0.003997,3999.09
2023/1/17,-0.001146,-0.00203,3990.97
2023/1/18,-0.014241,-0.015563,3928.86
2023/1/19,-0.007486,-0.007638,3898.85
2023/1/20,0.018067,0.018918,3972.61
2023/1/23,0.011763,0.011881,4019.81
2023/1/24,-0.001146,-0.000712,4016.95
2023/1/25,0.000339,-0.000182,4016.22
2023/1/26,0.010381,0.011008,4060.43
2023/1/27,0.003473,0.002495,4070.56
2023/1/30,-0.012975,-0.012969,4017.77
2023/1/31,0.01555,0.014642,4076.6
2023/2/1,0.011137,0.010452,4119.21
2023/2/2,0.013799,0.014699,4179.76
2023/2/3,-0.010632,-0.010355,4136.48
2023/2/6,-0.007223,-0.00614,4111.08
2023/2/7,0.011465,0.012873,4164
2023/2/8,-0.010374,-0.011081,4117.86
2023/2/9,-0.008851,-0.00883,4081.5
2023/2/10,0.001496,0.002195,4090.46
2023/2/13,0.010859,0.011449,4137.29
2023/2/14,0.000941,-0.00028,4136.13
2023/2/15,0.004435,0.002773,4147.6
2023/2/16,-0.012705,-0.013789,4090.41
2023/2/17,-0.002933,-0.002767,4079.09
2023/2/21,-0.020457,-0.020041,3997.34
2023/2/22,-0.000607,-0.001574,3991.05
2023/2/23,0.004871,0.005329,4012.32
2023/2/24,-0.01016,-0.010538,3970.04
2023/2/27,0.003327,0.003073,3982.24
2023/2/28,-0.002576,-0.003036,3970.15
2023/3/1,-0.003159,-0.004725,3951.39
2023/3/2,0.006503,0.007582,3981.35
2023/3/3,0.015546,0.016148,4045.64
2023/3/6,-0.001751,0.000687,4048.42
2023/3/7,-0.014599,-0.015327,3986.37
2023/3/8,0.00127,0.001415,3992.01
2023/3/9,-0.019276,-0.018459,3918.32
2023/3/10,-0.016483,-0.014478,3861.59
2023/3/13,-0.003098,-0.00151,3855.76
2023/3/14,0.015863,0.016477,3919.29
2023/3/15,-0.009262,-0.006981,3891.93
2023/3/16,0.016293,0.017562,3960.28
2023/3/17,-0.012043,-0.011019,3916.64
2023/3/20,0.008716,0.008918,3951.57
2023/3/21,0.013857,0.012982,4002.87
2023/3/22,-0.01642,-0.016463,3936.97
2023/3/23,0.001793,0.002985,3948.72
2023/3/24,0.004737,0.00564,3970.99
2023/3/27,0.003207,0.001647,3977.53
2023/3/28,-0.000817,-0.001574,3971.27
2023/3/29,0.013802,0.014237,4027.81
2023/3/30,0.005538,0.005715,4050.83
2023/3/31,0.014614,0.014437,4109.31
2023/4/3,0.003122,0.003699,4124.51
2023/4/4,-0.006606,-0.005797,4100.6
2023/4/5,-0.004045,-0.002492,4090.38
2023/4/6,0.003105,0.003579,4105.02
2023/4/10,0.002154,0.000996,4109.11
2023/4/11,0.001796,-0.000041,4108.94
2023/4/12,-0.003977,-0.004135,4091.95
2023/4/13,0.012827,0.013263,4146.22
2023/4/14,-0.00272,-0.002069,4137.64
2023/4/17,0.003645,0.003306,4151.32
2023/4/18,0.000652,0.000855,4154.87
2023/4/19,-0.000454,-0.000084,4154.52
2023/4/20,-0.005743,-0.005953,4129.79
2023/4/21,0.000615,0.000903,4133.52
2023/4/24,0.00038,0.000852,4137.04
2023/4/25,-0.016696,-0.015811,4071.63
2023/4/26,-0.004091,-0.003841,4055.99
2023/4/27,0.017335,0.019566,4135.35
2023/4/28,0.008072,0.008253,4169.48
2023/5/1,-0.000652,-0.000386,4167.87
2023/5/2,-0.01226,-0.011586,4119.58
2023/5/3,-0.005189,-0.006998,4090.75
2023/5/4,-0.006837,-0.007219,4061.22
2023/5/5,0.018739,0.018475,4136.25
2023/5/8,0.000849,0.000452,4138.12
2023/5/9,-0.003907,-0.004579,4119.17
2023/5/10,0.004086,0.004484,4137.64
2023/5/11,-0.002566,-0.001697,4130.62
2023/5/12,-0.001936,-0.001583,4124.08
2023/5/15,0.005045,0.002958,4136.28
2023/5/16,-0.008106,-0.006378,4109.9
2023/5/17,0.012328,0.011891,4158.77
2023/5/18,0.008474,0.009445,4198.05
2023/5/19,-0.00186,-0.001446,4191.98
2023/5/22,0.001904,0.000155,4192.63
2023/5/23,-0.010454,-0.011222,4145.58
2023/5/24,-0.008,-0.007319,4115.24
2023/5/25,0.00495,0.008758,4151.28
2023/5/26,0.012609,0.013049,4205.45
2023/5/30,-0.000231,0.000017,4205.52
2023/5/31,-0.005725,-0.006109,4179.83
2023/6/1,0.010187,0.009854,4221.02
2023/6/2,0.016242,0.014534,4282.37
2023/6/5,-0.002797,-0.002004,4273.79
2023/6/6,0.005198,0.002354,4283.85
2023/6/7,-0.002027,-0.003812,4267.52
2023/6/8,0.00521,0.006189,4293.93
2023/6/9,0.000099,0.001148,4298.86
2023/6/12,0.00852,0.009321,4338.93
2023/6/13,0.007513,0.006932,4369.01
2023/6/14,0.000057,0.000819,4372.59
2023/6/15,0.011708,0.012178,4425.84
2023/6/16,-0.003787,-0.003672,4409.59
2023/6/20,-0.005432,-0.004735,4388.71
2023/6/21,-0.004712,-0.005245,4365.69
2023/6/22,0.001811,0.003711,4381.89
2023/6/23,-0.008474,-0.007659,4348.33
2023/6/26,-0.00269,-0.004487,4328.82
2023/6/27,0.011635,0.011456,4378.41
2023/6/28,0.000529,-0.000354,4376.86
2023/6/29,0.004747,0.004474,4396.44
2023/6/30,0.011089,0.012269,4450.38
2023/7/3,0.002106,0.001171,4455.59
2023/7/5,-0.003315,-0.001968,4446.82
2023/7/6,-0.009671,-0.007923,4411.59
2023/7/7,0.000005,-0.002865,4398.95
2023/7/10,0.004152,0.002405,4409.53
2023/7/11,0.007743,0.006742,4439.26
2023/7/12,0.007995,0.007411,4472.16
2023/7/13,0.009335,0.00847,4510.04
2023/7/14,-0.002946,-0.001024,4505.42
2023/7/17,0.004498,0.003855,4522.79
2023/7/18,0.007299,0.007117,4554.98
2023/7/19,0.002571,0.002358,4565.72
2023/7/20,-0.007185,-0.006757,4534.87
2023/7/21,0.000069,0.000324,4536.34
2023/7/24,0.003274,0.004034,4554.64
2023/7/25,0.002308,0.002815,4567.46
2023/7/26,0.0008,-0.000155,4566.75
2023/7/27,-0.007486,-0.006425,4537.41
2023/7/28,0.010607,0.009878,4582.23
2023/7/31,0.003173,0.001469,4588.96
2023/8/1,-0.003671,-0.002665,4576.73
2023/8/2,-0.014385,-0.01384,4513.39
2023/8/3,-0.00237,-0.002548,4501.89
2023/8/4,-0.004195,-0.0053,4478.03
2023/8/7,0.007546,0.009024,4518.44
2023/8/8,-0.004756,-0.004218,4499.38
2023/8/9,-0.006457,-0.007039,4467.71
2023/8/10,0.000093,0.000251,4468.83
2023/8/11,-0.000907,-0.00107,4464.05
2023/8/14,0.004055,0.00575,4489.72
2023/8/15,-0.011781,-0.011551,4437.86
2023/8/16,-0.00789,-0.007555,4404.33
2023/8/17,-0.008395,-0.007713,4370.36
2023/8/18,0.000602,-0.000149,4369.71
2023/8/21,0.00554,0.006879,4399.77
2023/8/22,-0.001892,-0.002777,4387.55
2023/8/23,0.011033,0.011045,4436.01
2023/8/24,-0.012548,-0.013458,4376.31
2023/8/25,0.007025,0.006718,4405.71
2023/8/28,0.007093,0.006265,4433.31
2023/8/29,0.013164,0.014508,4497.63
2023/8/30,0.003824,0.003833,4514.87
2023/8/31,-0.001065,-0.001597,4507.66
2023/9/1,0.002776,0.001799,4515.77
2023/9/5,-0.006126,-0.004194,4496.83
2023/9/6,-0.006391,-0.006972,4465.48
2023/9/7,-0.003838,-0.003211,4451.14
2023/9/8,0.001012,0.001427,4457.49
2023/9/11,0.006483,0.006723,4487.46
2023/9/12,-0.004766,-0.005696,4461.9
2023/9/13,0.000004,0.001242,4467.44
2023/9/14,0.008997,0.00843,4505.1
2023/9/15,-0.010526,-0.01216,4450.32
2023/9/18,-0.000426,0.000721,4453.53
2023/9/19,-0.002634,-0.002151,4443.95
2023/9/20,-0.008244,-0.009395,4402.2
2023/9/21,-0.016904,-0.016401,4330
2023/9/22,-0.001881,-0.002296,4320.06
2023/9/25,0.003394,0.004023,4337.44
2023/9/26,-0.014143,-0.014735,4273.53
2023/9/27,0.00106,0.000229,4274.51
2023/9/28,0.006628,0.005893,4299.7
2023/9/29,-0.002634,-0.00271,4288.05
2023/10/2,-0.003498,0.000079,4288.39
2023/10/3,-0.014349,-0.013744,4229.45
2023/10/4,0.007074,0.00811,4263.75
2023/10/5,-0.000735,-0.001304,4258.19
2023/10/6,0.011482,0.011815,4308.5
2023/10/9,0.006119,0.006304,4335.66
2023/10/10,0.00647,0.005208,4358.24
2023/10/11,0.003842,0.004293,4376.95
2023/10/12,-0.008455,-0.006246,4349.61
2023/10/13,-0.005077,-0.005019,4327.78
2023/10/16,0.010957,0.010594,4373.63
2023/10/17,0.001091,-0.000098,4373.2
2023/10/18,-0.014619,-0.0134,4314.6
2023/10/19,-0.00918,-0.008483,4278
2023/10/20,-0.012192,-0.012585,4224.16
2023/10/23,-0.002426,-0.001686,4217.04
2023/10/24,0.006949,0.007266,4247.68
2023/10/25,-0.014673,-0.01434,4186.77
2023/10/26,-0.009124,-0.011833,4137.23
2023/10/27,-0.005494,-0.0048,4117.37
2023/10/30,0.010716,0.01201,4166.82
2023/10/31,0.006298,0.006475,4193.8
2023/11/1,0.009644,0.010506,4237.86
2023/11/2,0.020161,0.018859,4317.78
2023/11/3,0.011696,0.009394,4358.34
2023/11/6,-0.000779,0.001753,4365.98
2023/11/7,0.002356,0.00284,4378.38
2023/11/8,-0.00041,0.001005,4382.78
2023/11/9,-0.008443,-0.008084,4347.35
2023/11/10,0.013967,0.015616,4415.24
2023/11/13,-0.00033,-0.000836,4411.55
2023/11/14,0.022835,0.019075,4495.7
2023/11/15,0.001954,0.001597,4502.88
2023/11/16,-0.001165,0.00119,4508.24
2023/11/17,0.00333,0.001282,4514.02
2023/11/20,0.007017,0.00739,4547.38
2023/11/21,-0.002976,-0.002021,4538.19
2023/11/22,0.004067,0.004061,4556.62
2023/11/24,0.001708,0.000597,4559.34
2023/11/27,-0.001845,-0.001954,4550.43
2023/11/28,0.000919,0.00098,4554.89
2023/11/29,0.001088,-0.000946,4550.58
2023/11/30,0.003964,0.003784,4567.8
2023/12/1,0.009185,0.005874,4594.63
2023/12/4,-0.00391,-0.005409,4569.78
2023/12/5,-0.002314,-0.000569,4567.18
2023/12/6,-0.003536,-0.003906,4549.34
2023/12/7,0.007286,0.007968,4585.59
2023/12/8,0.004188,0.004095,4604.37
2023/12/11,0.003614,0.003924,4622.44
2023/12/12,0.003096,0.004599,4643.7
2023/12/13,0.016198,0.013651,4707.09
2023/12/14,0.006922,0.002647,4719.55
2023/12/15,-0.001601,-0.000076,4719.19
2023/12/18,0.003845,0.004528,4740.56
2023/12/19,0.007719,0.005866,4768.37
2023/12/20,-0.01479,-0.014684,4698.35
2023/12/21,0.011208,0.010301,4746.75
2023/12/22,0.00244,0.00166,4754.63
2023/12/26,0.005218,0.004232,4774.75
2023/12/27,0.001995,0.00143,4781.58
2023/12/28,-0.000108,0.00037,4783.35
2023/12/29,-0.004045,-0.002826,4769.83
